1886,@🌹詹AMY ,HTTPS://I.IMGUR.COM/VL0KTIW.JPG
1891,@志鴻@傑夫🎹 ,HTTPS://I.IMGUR.COM/2FM2KHV.JPG
1893,@KASTREL ,HTTPS://I.IMGUR.COM/BQG3IXP.JPG
1894,@✨小香🌸 ,HTTPS://I.IMGUR.COM/S8T1BYW.JPG
1895,@呂思🍥 ,HTTPS://I.IMGUR.COM/GH7PROB.JPG
1900,@菲 FEI ,HTTPS://I.IMGUR.COM/KDLK74N.JPG
1902,@本宮名字叫金魚💋 ,HTTPS://I.IMGUR.COM/XVP4HWT.JPG
1905,@☫NI NI☫ ,HTTPS://I.IMGUR.COM/ES7HODB.JPG
1906,@🐬はね❦潼🐬 ,HTTPS://I.IMGUR.COM/YTO3HW9.JPG
1908,@JIANG ,HTTPS://I.IMGUR.COM/SNM5AUF.JPG
1911,DE05AD4A4D7D8D6988F4538FD04DA2D04085A5E309D7087F8FAEBD80,HTTPS://I.IMGUR.COM/AZZO5ZJ.JPG
1912,MD精華,HTTPS://I.IMGUR.COM/AZZO5ZJ.JPG
1921,@FRANKIE W ,HTTPS://I.IMGUR.COM/WR3OWT2.JPG
1933,美1,HTTPS://I.IMGUR.COM/3U9XGHX.JPG
1934,美2,HTTPS://I.IMGUR.COM/ZCPXVNT.JPG
1935,美3,HTTPS://I.IMGUR.COM/QJQLGUM.JPG
1936,美4,HTTPS://I.IMGUR.COM/GLWQHD7.JPG
1979,童1,HTTPS://I.IMGUR.COM/PE8B88J.JPG
1981,@༺༃倪༒倪༃༻ ,HTTPS://I.IMGUR.COM/RVQOEFI.JPG
1982,魚5,HTTPS://I.IMGUR.COM/FJZ0AUD.JPG
1983,魚4,HTTPS://I.IMGUR.COM/YE5HZ6T.JPG
1984,魚6,HTTPS://I.IMGUR.COM/4FYI4AN.JPG
1985,魚8,HTTPS://I.IMGUR.COM/JKQZZHS.JPG
1986,魚9,HTTPS://I.IMGUR.COM/CLAIFDK.JPG
1987,魚7,HTTPS://I.IMGUR.COM/DAGFWGW.JPG
1990,菜4,HTTPS://I.IMGUR.COM/Y0SCDE5.JPG
1992,菜8,HTTPS://I.IMGUR.COM/BMWGTWH.JPG
1995,菜5,HTTPS://I.IMGUR.COM/BODADQK.JPG
1996,菜6,HTTPS://I.IMGUR.COM/PUXCQWL.JPG
1998,菜11,HTTPS://I.IMGUR.COM/44SQFE1.JPG
1999,菜12,HTTPS://I.IMGUR.COM/G3S5YTR.JPG
2001,菜1,HTTPS://I.IMGUR.COM/I5RAFA5.JPG
2011,魚5,HTTPS://I.IMGUR.COM/FJZ0AUD.JPG
2012,魚4,HTTPS://I.IMGUR.COM/YE5HZ6T.JPG
2013,魚6,HTTPS://I.IMGUR.COM/4FYI4AN.JPG
2014,魚9,HTTPS://I.IMGUR.COM/CLAIFDK.JPG
2015,魚7,HTTPS://I.IMGUR.COM/DAGFWGW.JPG
2016,魚8,HTTPS://I.IMGUR.COM/JKQZZHS.JPG
2018,天1,HTTPS://I.IMGUR.COM/GSI7SUW.JPG
2023,蓉1,HTTPS://I.IMGUR.COM/JGI6ZPX.JPG
2024,魚10,HTTPS://I.IMGUR.COM/O6MSLUK.JPG
2030,@QIAO❤ ,HTTPS://I.IMGUR.COM/OW8ZZ85.JPG
2034,@賀 ,HTTPS://I.IMGUR.COM/GTSYXXM.JPG
2042,@黃笨笨🎀艾絲淇💕 ,HTTPS://I.IMGUR.COM/HYJZDFD.JPG
2043,@鴨鴨 ,HTTPS://I.IMGUR.COM/74S3P2U.JPG
2046,MFF時程,HTTP://WWW.FINALFANTASY.JP/MOBIUS/INFORMATION/MAILNEWS/MFF_CALENDER.HTML
2052,不能玩,遊戲連線需要VPN連線至日本。以下為VPN推薦清單，根據使用者所使用的平台分類:\n    ANDROID/IOS: OPENVPN、SOLOVPN、HOLAVPN、HTTPS://GOO.GL/DN4NFL、GOOGLE.COM/SEARCH?Q=JAPAN+VPN+LIST\n    電腦模擬器: SOFTETHERVPN\n另外，模擬器目前已知:\n    可用: MUMU、NOX(V6.0.1.0)、BLUESTACKS(CLIENT V3.52.66.1905、ENGINE V2.52.66.8704)\n    可能不可用: NOX(夜神)、BLUESTACKS\n\nNOX、BS可用模擬器版本由 @HONG 提供\n(2017/12/11)更新
2068,腳本,NOX: \n    HTTPS://SITES.GOOGLE.COM/VIEW/MFF-SCRIPT/INDEX\n\n    由 昱其 製作、維護\n\nSTEAM:\n    HTTPS://SITES.GOOGLE.COM/VIEW/MFF-STEAM/HOME\n\n    由 水母 製作、維護
2073,@⛵賜我夢境⛵ 愛,HTTPS://I.IMGUR.COM/P2DU0PR.JPG
2076,進化素材,進化素材 (2017/11/12)\n現時主要透過下列方法入手:\n1. 刷黑鐵宮BOSS再到交換所換\n2. 刷大大大大大野生怪, 建議地圖請參考圖片(以圖片網址形式提供):\n    2-1. HTTPS://I.IMGUR.COM/FXM3DNG.JPG\n    2-2. HTTPS://I.IMGUR.COM/VKCZM9O.JPG\n3. 刷秘藥之森, 約3場見一次紅字掉落, 可參考:\n    HTTPS://WWW.YOUTUBE.COM/WATCH?V=KNJ0JHDXVYU (YOUTUBE)\n4. 只缺大彩藥的 去刷大蜘蛛 可參考:\nHTTPS://WWW.YOUTUBE.COM/WATCH?V=F-XJ_9DVGQI (YOUTUBE)
2082,吃1,HTTPS://I.IMGUR.COM/HHBZDQ9.JPG
2083,魚11,HTTPS://I.IMGUR.COM/1BSE9UJ.JPG
2084,豬11,HTTPS://I.IMGUR.COM/9UAPHIG.JPG
2085,托1,HTTPS://I.IMGUR.COM/4VAQEVI.JPG
2086,浩1,HTTPS://I.IMGUR.COM/FB9QLU9.JPG
2087,浩2,HTTPS://I.IMGUR.COM/UZZFSDQ.JPG
2088,浩3,HTTPS://I.IMGUR.COM/XV3MYUY.JPG
2089,浩4,HTTPS://I.IMGUR.COM/4Y0WJF0.JPG
2090,浩5,HTTPS://I.IMGUR.COM/FBGXYAR.JPG
2091,浩6,HTTPS://I.IMGUR.COM/CXIHSD8.JPG
2092,浩7,HTTPS://I.IMGUR.COM/TH0ADGD.JPG
2093,浩8,HTTPS://I.IMGUR.COM/9SCGNXU.JPG
2094,浩9,HTTPS://I.IMGUR.COM/UXVZJVJ.JPG
2095,浩10,HTTPS://I.IMGUR.COM/CYPU4XM.JPG
2096,浩11,HTTPS://I.IMGUR.COM/CD79Y6H.JPG
2097,浩12,HTTPS://I.IMGUR.COM/M28SVW1.JPG
2098,浩13,HTTPS://I.IMGUR.COM/K0W7ODM.JPG
2099,浩14,HTTPS://I.IMGUR.COM/U3BGJFV.JPG
2100,浩15,HTTPS://I.IMGUR.COM/DE99W40.JPG
2106,參賽資訊,HTTPS://I.IMGUR.COM/MBFSU8S.JPG
2110,蓉2,HTTPS://I.IMGUR.COM/LAJOMZN.JPG
2111,蓉3,HTTPS://I.IMGUR.COM/NDF8FYH.JPG
2114,9373FD4211A1EE954F8AB9CA00E969290BEAADF2B86FAD7E151DEB78,HTTPS://I.IMGUR.COM/4NCCALD.JP
2117,如何把妹,HTTPS://I.IMGUR.COM/EMM71OQ.JPG
2118,如何上床,HTTPS://I.IMGUR.COM/SQMJF6V.JPG
2119,沒女友,HTTPS://I.IMGUR.COM/ZRJSVOT.JPG
2121,霸體,HTTPS://I.IMGUR.COM/CKXTOAN.JPG
2122,快速刷首抽,HTTPS://FORUM.GAMER.COM.TW/C.PHP?BSN=33094&SNA=102&TNUM=2
2131,段數,HTTPS://ALTEMA.JP/FFMOBIUS/TADANMATOME-29055
2132,段數,HTTPS://ALTEMA.JP/FFMOBIUS/TADANMATOME-29055
2133,自定義,HTTPS://M.GAMER.COM.TW/FORUM/TREASURE.PHP?BSN=27631&SN=256&ISA=1
2134,自定義,HTTPS://M.GAMER.COM.TW/FORUM/TREASURE.PHP?BSN=27631&SN=256&ISA=1
2135,必殺技量,HTTPS://ALTEMA.JP/FFMOBIUS/HIXTUSATUKUIXTUKU-29255
2136,增動,HTTPS://ALTEMA.JP/FFMOBIUS/HIXTUSATUKUIXTUKU-29255
2144,@婷婷 ,HTTPS://I.IMGUR.COM/EEKUHSY.JPG
2145,@ADA CHEN ,HTTPS://I.IMGUR.COM/W5WM3QO.JPG
2146,@JILL LEE ,HTTPS://I.IMGUR.COM/YVHUHPH.JPG
2164,@❦至秦斤欠❦ ,HTTPS://I.IMGUR.COM/0LKBSM9.JPG
2167,@❦至秦 斤欠❦ ,HTTPS://I.IMGUR.COM/AYX1HBQ.JPG
2173,魚12,HTTPS://I.IMGUR.COM/FUQ4GXU.JPG
2193,哭,HTTPS://I.IMGUR.COM/DGHFEXF.JPG
2194,抽,HTTPS://I.IMGUR.COM/R4D0V40.JPG
2195,5112152551479715F3EA0696C3C0309D2D258FE3F21273F64407F274,你明明就女嬸
2196,哭,HTTPS://I.IMGUR.COM/DGHFEXF.GIF
2197,捏,HTTPS://I.IMGUR.COM/NKIR7BU.GIF
2198,捏,HTTPS://I.IMGUR.COM/NKIR7BU.GIF
2209,八嘎囧,HTTPS://I.IMGUR.COM/WTKTX76.JPG
2210,UNICODE轉換,HTTPS://REPL.IT/REPLS/LIMITEDVISIBLEQUEENSLANDGROUPER
2211,韋1,HTTPS://I.IMGUR.COM/1ZVXBLR.JPG
2212,蓉4,HTTPS://I.IMGUR.COM/ZXRW8CC.JPG
2213,魚13,HTTPS://I.IMGUR.COM/O1EEFZD.JPG
2214,K1,HTTPS://I.IMGUR.COM/O9OHHOJ.JPG
2215,吻1,HTTPS://I.IMGUR.COM/RCPWO0Z.JPG
2216,聶1,HTTPS://I.IMGUR.COM/NKQAJRT.JPG
2217,香1,HTTPS://I.IMGUR.COM/KMIKKYU.JPG
2218,A1,HTTPS://I.IMGUR.COM/VKFFMGK.JPG
2219,妮1,HTTPS://I.IMGUR.COM/DTBWV5M.JPG
2220,秉1,HTTPS://I.IMGUR.COM/A5MQALE.JPG
2221,傻1,HTTPS://I.IMGUR.COM/3H827II.JPG
2223,下載,HTTPS://DRIVE.GOOGLE.COM/OPEN?ID=1SQJLK-MK51ZYUDQX0WX2SWXWZFHPNSEZ (V1.0.3)
2224,引繼,設定教學: HTTPS://FORUM.GAMER.COM.TW/C.PHP?BSN=33094&SNA=145&TNUM=1\n\n引入功能已開放。
2225,正,HTTPS://I.IMGUR.COM/8RCI2UX.JPG
2226,正,HTTPS://I.IMGUR.COM/8RCI2UX.JPG
2233,@AMY WU ,HTTPS://I.IMGUR.COM/PYTVVGA.JPG
2237,@躲在角落「張」的小涵 ,HTTPS://I.IMGUR.COM/NGCTULF.JPG
2245,VS,HTTPS://I.IMGUR.COM/VPUBGVG.JPG
2250,@妤🐟 ,HTTPS://I.IMGUR.COM/UEMANT2.JPG
2255,@林檸檬🍋 ,HTTPS://I.IMGUR.COM/VGYCUG1.JPG
2258,怪1,HTTPS://I.IMGUR.COM/FZ2ZP96.JPG
2260,首抽,HTTPS://I.IMGUR.COM/AAS1QZH.JPG
2261,首抽,HTTPS://I.IMGUR.COM/AAS1QZH.JPG
2264,下載,HTTPS://DRIVE.GOOGLE.COM/OPEN?ID=1SQJLK-MK51ZYUDQX0WX2SWXWZFHPNSEZ
2272,關起來,HTTPS://I.IMGUR.COM/JW978AU.JPG
2274,@🌸曦🌼🎄🎼🎵,HTTPS://I.IMGUR.COM/YE4TPLF.JPG
2283,@HEAD RELAXED,HTTPS://I.IMGUR.COM/PRMDF9O.JPG
2284,@🌸曦🌼🎄🎼🎵,HTTPS://I.IMGUR.COM/YE4TPLF.JPG
2285,@卡稱ෆ͙⃛,HTTPS://I.IMGUR.COM/UP61LLZ.JPG
2311,吃水母,HTTPS://I.IMGUR.COM/VDMPNF7.JPG
2323,@DORA💋,HTTPS://I.IMGUR.COM/SFXA45P.JPG
2331,87,HTTPS://I.IMGUR.COM/XMPEHGK.JPG
2340,睜眼說瞎話,HTTPS://I.IMGUR.COM/N7YQ5O0.JPG
2346,GP,HTTPS://I.IMGUR.COM/BYVAN7B.JPG
2355,歡迎,HTTPS://I.IMGUR.COM/8EWW7QQ.JPG
2365,KEN把妹,HTTPS://I.IMGUR.COM/NID0TEW.JPG
2366,傲嬌雲,HTTPS://I.IMGUR.COM/CYJQKKW.JPG
2369,@蕭煒霖,HTTPS://I.IMGUR.COM/GXPIIFH.JPG
2370,@CLEAN WU,HTTPS://I.IMGUR.COM/VNGSFNL.JPG
2371,@🇹🇼HEAD.APPY NEW YEAR,HTTPS://I.IMGUR.COM/F4OX2ER.JPG
2374,@躲在角落「張」的小涵,HTTPS://I.IMGUR.COM/COJMYWC.JPG
2375,@香菇豬  回圖 HTTPS://I.IMGUR.COM/NNV2YU9.JPG,香菇豬表示：我就是最吵的，我吵我驕傲
2376,@KATHY🎀零貓寶寶,HTTPS://I.IMGUR.COM/CG06MPX.JPG
2377,@玲雅,HTTPS://I.IMGUR.COM/MSDHLZZ.JPG
2378,@香菇豬  回圖 HTTPS://I.IMGUR.COM/NNV2YU9.JPG\n,香菇豬表示：我就是最吵的，我吵我驕傲
2380,@香菇豬  回圖 HTTPS://I.IMGUR.COM/NNV2YU9.JPG 附加,香菇豬表示：我就是最吵的，我吵我驕傲
2381,@香菇豬  附加,HTTPS://I.IMGUR.COM/NNV2YU9.JPG  香菇豬表示：我就是最吵的，我吵我驕傲
2383,@香菇豬  回圖附加,HTTPS://I.IMGUR.COM/NNV2YU9.JPG  \n香菇豬表示：我就是最吵的，我吵我驕傲
2384,@香菇豬  回圖 HTTPS://I.IMGUR.COM/NNV2YU9.JPG  \n,香菇豬表示：我就是最吵的，我吵我驕傲
2385,@香菇豬  回圖 HTTPS://I.IMGUR.COM/NNV2YU9.JPG \n\n附加,香菇豬表示：我就是最吵的，我吵我驕傲
2387,@香菇豬 ,HTTPS://I.IMGUR.COM/NNV2YU9.JPG 
2389,@CLEAN WU ,HTTPS://I.IMGUR.COM/VNGSFNL.JPG
2393,@🇹🇼HEAD.APPY NEW YEAR ,HTTPS://I.IMGUR.COM/F4OX2ER.JPG
2401,@小冰 ,HTTPS://I.IMGUR.COM/XDFY6EY.JPG
2403,@🌸曦🌼🎄🎼🎵 ,HTTPS://I.IMGUR.COM/YE4TPLF.JPG
2404,@DORA💋 ,HTTPS://I.IMGUR.COM/SFXA45P.JPG
2405,@從今開始我叫「嘿」涵 ,HTTPS://I.IMGUR.COM/COJMYWC.JPG
2413,@盈臻 ,HTTPS://I.IMGUR.COM/EL3S4JK.JPG
2415,@盈臻 ,HTTPS://I.IMGUR.COM/ASNG9UB.JPG
2418,@IRIS ,HTTPS://I.IMGUR.COM/FL1QM8N.JPG
2423,蓉5,HTTPS://I.IMGUR.COM/SZJMTTB.JPG
2424,蓉6,HTTPS://I.IMGUR.COM/FMRZQAG.JPG
2430,@怡穎 ,HTTPS://I.IMGUR.COM/ZZSA3NE.JPG
2434,董1,HTTPS://I.IMGUR.COM/DZNU0PF.JPG
2439,睜眼說瞎話,HTTPS://I.IMGUR.COM/N7YQ5O0.JPG
2443,@[正宗] HEAD BLAST AWAY,HTTPS://I.IMGUR.COM/9XPRSL1.JPG
2445,老司機,HTTPS://I.IMGUR.COM/24ZVF2G.JPG
2446,太用力,HTTPS://I.IMGUR.COM/ULBHORZ.JPG
2447,抽不到,HTTPS://I.IMGUR.COM/ECT7LPT.JPG
2448,爆了,HTTPS://I.IMGUR.COM/ECT7LPT.JPG
2449,爆死,HTTPS://I.IMGUR.COM/ECT7LPT.JPG
2454,@平,HTTPS://I.IMGUR.COM/FYF9PEK.JPG
2459,@༺ATIVAN༻ Ω稘Ω ,HTTPS://I.IMGUR.COM/BCEGRUF.JPG
2460,@豹紋女 ,HTTPS://I.IMGUR.COM/BYXVJJA.JPG
2462,@蛋姐 ,HTTPS://I.IMGUR.COM/ZLPZLYF.JPG
2465,草莉卡,HTTPS://I.IMGUR.COM/577KTXF.JPG
2467,GP是什麼,答案：HTTPS://ZHIDAO.BAIDU.COM/QUESTION/2202156410627964588.HTML?&MZL=QB_XG_2&MZL_JY=2&WORD=&HITRELATEOPTIMI=
2468,@JASON® ,HTTPS://I.IMGUR.COM/OZ7XZGI.JPG
2486,@啊豪 ,HTTPS://I.IMGUR.COM/QKJUJSR.JPG
2500,歡迎新朋友,HTTPS://I.IMGUR.COM/LGI9IS5.JPG
2507,@小強 ,HTTPS://I.IMGUR.COM/HLEGNMR.JPG
2508,@小強,HTTPS://I.IMGUR.COM/ASJAASH.JPG
2514,@CCC ,HTTPS://I.IMGUR.COM/SNM5AUF.JPG
2520,@璇 선💋 ,HTTPS://I.IMGUR.COM/IEMEAYY.JPG
2524,@KATHY🎀零貓寶寶 ,HTTPS://I.IMGUR.COM/CG06MPX.JPG
2526,MD去背景圖,HTTPS://SAOMD.IMGUR.COM (請使用電腦開啟，手機開啟請用瀏覽器並勾選電腦版網址，否則請下載APP)
2539,@[正宗] HEAD BLAST AWAY ,HTTPS://I.IMGUR.COM/VKNZEZD.JPG
2542,@RICO CHEN👣IN TAIPEI  ,HTTPS://I.IMGUR.COM/OXSATPR.JPG
2543,@RICO CHEN👣IN TAIPEI  ,HTTPS://I.IMGUR.COM/OXSATPR.JPG
2544,T@KATHY🎀ZE®O♥제로  ,HTTPS://IMGUR.COM/DVXQZRP
2546,@RICO CHEN👣IN TAIPEI ,HTTPS://I.IMGUR.COM/OXSATPR.JPG
2552,@KATHY🎀ZE®O♥제로  ,HTTPS://I.IMGUR.COM/DVXQZRP.JPG
2553,@KATHY🎀ZE®O♥제로 ,HTTPS://I.IMGUR.COM/DVXQZRP.JPG
2557,王9,HTTPS://I.IMGUR.COM/EVWH5XR.JPG
2569,MD公告,日文公告\n HTTPS://API-DEFRAG.WRIGHTFLYER.NET/WEBVIEW/ANNOUNCEMENT?PHONE_TYPE=2  \n 英文公告\n HTTPS://API-DEFRAG-AP.WRIGHTFLYER.NET/WEBVIEW/ANNOUNCEMENT?PHONE_TYPE=2&LANG=EN  \n 中文公告\n HTTPS://API-DEFRAG-AP.WRIGHTFLYER.NET/WEBVIEW/ANNOUNCEMENT?PHONE_TYPE=2&LANG=TC  \n
2570,MD公告,日文公告\n HTTPS://API-DEFRAG.WRIGHTFLYER.NET/WEBVIEW/ANNOUNCEMENT?PHONE_TYPE=2  \n 英文公告\n HTTPS://API-DEFRAG-AP.WRIGHTFLYER.NET/WEBVIEW/ANNOUNCEMENT?PHONE_TYPE=2&LANG=EN  \n 中文公告\n HTTPS://API-DEFRAG-AP.WRIGHTFLYER.NET/WEBVIEW/ANNOUNCEMENT?PHONE_TYPE=2&LANG=TC  \n
2571,MD公告,日文公告\n HTTPS://API-DEFRAG.WRIGHTFLYER.NET/WEBVIEW/ANNOUNCEMENT?PHONE_TYPE=2  \n 英文公告\n HTTPS://API-DEFRAG-AP.WRIGHTFLYER.NET/WEBVIEW/ANNOUNCEMENT?PHONE_TYPE=2&LANG=EN  \n 中文公告\n HTTPS://API-DEFRAG-AP.WRIGHTFLYER.NET/WEBVIEW/ANNOUNCEMENT?PHONE_TYPE=2&LANG=TC  \n
2572,MD公告,日文公告\n HTTPS://API-DEFRAG.WRIGHTFLYER.NET/WEBVIEW/ANNOUNCEMENT?PHONE_TYPE=2  \n 英文公告\n HTTPS://API-DEFRAG-AP.WRIGHTFLYER.NET/WEBVIEW/ANNOUNCEMENT?PHONE_TYPE=2&LANG=EN  \n 中文公告\n HTTPS://API-DEFRAG-AP.WRIGHTFLYER.NET/WEBVIEW/ANNOUNCEMENT?PHONE_TYPE=2&LANG=TC  \n
2574,87,HTTPS://I.IMGUR.COM/RNAUDGM.JPG
2575,87,HTTPS://I.IMGUR.COM/RNAUDGM.JPG
2576,87,HTTPS://I.IMGUR.COM/RNAUDGM.JPG
2577,87,HTTPS://I.IMGUR.COM/RNAUDGM.JPG
2578,87,HTTPS://I.IMGUR.COM/RNAUDGM.JPG
2579,87,HTTPS://I.IMGUR.COM/RNAUDGM.JPG
2581,星姬,HTTPS://I.IMGUR.COM/NMVE22T.JPG
2590,@依寶寶 ,HTTPS://I.IMGUR.COM/SHEQVFC.JPG
2592,@旻 ,HTTPS://I.IMGUR.COM/1NHD8ZO.JPG
2596,@玲雅 ,HTTPS://I.IMGUR.COM/MQWHA5G.JPG
2598,@[正宗] HEAD BLAST AWAY ,HTTPS://I.IMGUR.COM/ARSA6V6.JPG
2601,@回到角落「張」的小涵 ,HTTPS://I.IMGUR.COM/KMZQ4AY.JPG
2617,87,HTTPS://I.IMGUR.COM/RNAUDGM.JPG
2618,87,HTTPS://I.IMGUR.COM/RNAUDGM.JPG
2619,87,HTTPS://I.IMGUR.COM/RNAUDGM.JPG
2631,參賽資訊,HTTPS://I.IMGUR.COM/SQ8QJWN.JPG
2632,87,HTTPS://I.IMGUR.COM/RNAUDGM.JPG
2639,@纳兹,HTTPS://I.IMGUR.COM/LDXNYZE.JPG
2641,@邱韶瑋,HTTPS://I.IMGUR.COM/WMO3ZC9.JPG
2644,@小冰,HTTPS://I.IMGUR.COM/XDFY6EY.JPG
2650,@蛙🐸 ,HTTPS://I.IMGUR.COM/UCJLH89.JPG
2651,母愛,HTTPS://I.IMGUR.COM/QKPNKT5.JPG
2653,咖波豆腐,HTTPS://I.IMGUR.COM/BTLKIY4.JPG
2656,KL,HTTPS://I.IMGUR.COM/QLYQTWO.JPG
2660,@金魚🔱 ,HTTPS://I.IMGUR.COM/XVP4HWT.JPG
2667,台版事前,HTTP://BNENT.JP/IF_TPGS/ (網址來源: 另一群的 @廖俊凱)
2669,@G_X_Y,HTTPS://I.IMGUR.COM/1FA4QON.JPG
2671,@徐雯雯  WENNY ,HTTPS://I.IMGUR.COM/U20TEGS.JPG
2677,@KELLY ,HTTPS://I.IMGUR.COM/SNM5AUF.JPG
2678,@ㄎㄧㄤ妮 💁🏻‍♀️ ,HTTPS://I.IMGUR.COM/ES7HODB.JPG)
2679,@🌹AMY ,HTTPS://I.IMGUR.COM/VL0KTIW.JPG)
2680,虱1,HTTPS://I.IMGUR.COM/SHBLF4U.JPG
2681,@CONCORDIA CELESTIA ,HTTPS://I.IMGUR.COM/UVEHTRZ.JPG
2682,水母卡,HTTPS://I.IMGUR.COM/FYCLA2D.JPG
2683,水母卡,HTTPS://I.IMGUR.COM/FYCLA2D.JPG
2688,@💕TIFFANY💕減了14%體脂🌸 ,HTTPS://I.IMGUR.COM/UWAKFKG.JPG
2689,@EASON ,HTTPS://I.IMGUR.COM/GJTRMQF.JPG
2690,@EASON,HTTPS://I.IMGUR.COM/GJTRMQF.JPG
2691,@徐雯雯  WENNY,HTTPS://I.IMGUR.COM/U20TEGS.JPG
2693,開車,HTTPS://I.IMGUR.COM/CUCAT4D.JPG
2694,開車,HTTPS://I.IMGUR.COM/CUCAT4D.JPG
2717,@JULIA KUMICKY🎀犀牛老大🎀 ,HTTPS://I.IMGUR.COM/SUUPLWG.JPG
2718,抽,HTTPS://I.IMGUR.COM/4OJRHL8.JPG
2719,牛1,HTTPS://I.IMGUR.COM/GEW7TVC.JPG
2722,牛2,HTTPS://I.IMGUR.COM/EY57QTL.JPG
2734,雨伶就好了,HTTPS://I.IMGUR.COM/JK61TPU.JPG
2756,霸體就可以了,HTTPS://I.IMGUR.COM/JK61TPU.JPG
2759,@SEANNA 肖娜,HTTPS://I.IMGUR.COM/WIG5PGH.JPG
2767,@陳怡穎 ,HTTPS://I.IMGUR.COM/GCIV1FH.JPG
2770,@鬼太 ,HTTPS://I.IMGUR.COM/KF3PFEE.JPG
2771,@金魚⚜️ ,HTTPS://I.IMGUR.COM/FEK91T8.JPG
2773,@香菇豬 ,HTTPS://I.IMGUR.COM/COZHK6S.JPG
2774,@伊傑 ,HTTPS://I.IMGUR.COM/COZHK6S.JPG
2775,@老吳 ,HTTPS://I.IMGUR.COM/COZHK6S.JPG
2776,@☘️ㄓㄨㄚ、稘☘️ ,HTTPS://I.IMGUR.COM/COZHK6S.JPG
2777,@❤️小雅❤️ ,HTTPS://I.IMGUR.COM/COZHK6S.JPG
2778,@❦至秦 斤欠❦ ,HTTPS://I.IMGUR.COM/COZHK6S.JPG
2800,菜10,HTTPS://I.IMGUR.COM/2NYHRI4.JPG
2801,菜7,HTTPS://I.IMGUR.COM/K0DZITA.JPG
2808,@王文鴻 ,HTTPS://I.IMGUR.COM/ZDAJIZL.JPG
2810,@協興中古機械⭕️各行業⭕️設備買賣 ,HTTPS://I.IMGUR.COM/WY5T6OR.JPG
2813,@林育成 ,HTTPS://I.IMGUR.COM/5YHI5TP.JPG
2815,@MING TAO ,HTTPS://I.IMGUR.COM/L6OCHXW.JPG
2816,@林小仕 ,HTTPS://I.IMGUR.COM/IS8TYG2.JPG
2817,@洪子翔 ,HTTPS://I.IMGUR.COM/F0T2KVH.JPG
2818,@阿問 ,HTTPS://I.IMGUR.COM/APFE4YR.JPG
2821,@🍀魔鬼中的天使🍀 ,HTTPS://I.IMGUR.COM/ZXBC4EK.JPG
2826,寶寶兒童餐,HTTPS://I.IMGUR.COM/PJOBLXP.JPG
2828,小愛爽,HTTPS://I.IMGUR.COM/SJTXBKL.JPG
2829,@璇 💋 ,HTTPS://I.IMGUR.COM/IEMEAYY.JPG
2830,傲嬌(CLOUD),HTTPS://I.IMGUR.COM/CYJQKKW.JPG
2831,小愛爽,HTTPS://I.IMGUR.COM/SJTXBKL.JPG
2833,小愛不爽,HTTPS://I.IMGUR.COM/34LTPY9.JPG
2835,屬性,STR：\n裝備限制所持重量上升\n近戰攻擊力上升\n部分裝備需求\nVIT：\n最大的HP上升\n傷害輕減率上升\nINT：\n部分技能、道具效果上升OR延長時效\n技能、道具使用CD減少\n可賦予狀態異常的技能攻擊力上升\nAGI：\n移動速度上升\n傷害輕減率上升\n裝彈…等角色動作速度上升\nDEX：\n部分道具效果上升\n爆擊攻擊OR弱點攻擊時的傷害量上升\n子彈圈(BULLET CIRCLE)的精度上升\n部分裝備需求\nLUK：\n物品掉落率上升\n爆擊率上升\n\n(於2017年02月08日 AM 1：11(UTC-8)，翻譯自 HTTP://ENJOI8.SAKURA.NE.JP/SAO_FB/GAIDO3.HTML )
2852,情人節快樂,HTTPS://I.IMGUR.COM/UWFOWXF.JPG
2856,@小涵 ,HTTPS://I.IMGUR.COM/Q7VOUMZ.JPG
2857,@KATHY🎀ZE®O♥제로 ,HTTPS://I.IMGUR.COM/XJGMRAC.JPG
2858,@🌟ṾЄЯṄʏ♓ ,HTTPS://I.IMGUR.COM/ITF6RVH.JPG
2860,@KAYLA ,HTTPS://I.IMGUR.COM/OSMPK0C.JPG
2861,@HSIN YI ,HTTPS://I.IMGUR.COM/UUL6NQD.JPG
2863,@МÖМÖ✨(๑¯㉨¯๑)® ,HTTPS://I.IMGUR.COM/CUZUNFH.JPG
2864,@錢 ,HTTPS://I.IMGUR.COM/GYEZG93.JPG
2868,@LU LU 웃♥유 ,HTTPS://I.IMGUR.COM/YAZPUUE.JPG
2869,@HEAD PREDATOR ,HTTPS://I.IMGUR.COM/FCGJXAA.JPG
2872,@VE. 若榛 ,HTTPS://I.IMGUR.COM/APX559M.JPG
2873,@純純💜 ,HTTPS://I.IMGUR.COM/QKAQKUN.JPG
2876,棻9,HTTPS://I.IMGUR.COM/NKYMYXD.JPG
2877,棻1,HTTPS://I.IMGUR.COM/CNO82J9.JPG
2880,童2,HTTPS://I.IMGUR.COM/YJVO9BW.JPG
2881,吻2,HTTPS://I.IMGUR.COM/FV3MXVA.JPG
2882,萱1,HTTPS://I.IMGUR.COM/1JZITC1.JPG
2883,肖1,HTTPS://I.IMGUR.COM/TZQPUGF.JPG
2884,菓1,HTTPS://I.IMGUR.COM/ZOURRT5.JPG
2885,菓2,HTTPS://I.IMGUR.COM/HNMHPLI.JPG
2886,旻1,HTTPS://I.IMGUR.COM/RT53JQ5.JPG
2887,K2,HTTPS://I.IMGUR.COM/NBMTET8.JPG
2888,棻2,HTTPS://I.IMGUR.COM/SDF198M.JPG
2889,菜13,HTTPS://I.IMGUR.COM/HJLZDMD.JPG
2891,吃水母,HTTPS://I.IMGUR.COM/MJBYGCW.JPG
2892,攻略,HTTPS://GIOCOX.NET/SAO-FB\nHTTP://ENJOI8.SAKURA.NE.JP/SAO_FB/
2895,@KATHY🎀ZE®O♥제로,HTTPS://I.IMGUR.COM/TBS1IQY.JPG
2896,@🌟ṾЄЯṄʏ♓,HTTPS://I.IMGUR.COM/5CQMFBI.JPG
2899,@小涵,HTTPS://I.IMGUR.COM/FUCF6WI.JPG
2900,@天天 ,HTTPS://I.IMGUR.COM/UQA0DVX.JPG
2902,@邱韶瑋 ,HTTPS://I.IMGUR.COM/VGP9IA6.JPG
2903,@なかじま中島しんいち真一さん ,HTTPS://I.IMGUR.COM/RJFZ3YF.JPG
2904,@平 ,HTTPS://I.IMGUR.COM/ECQUZ7G.JPG
2905,@☘️ㄓㄨㄚ、稘☘️ ,HTTPS://I.IMGUR.COM/XPK2OV1.JPG
2909,涵涵爽,HTTPS://I.IMGUR.COM/OTUMSUD.JPG
2913,牛3,HTTPS://I.IMGUR.COM/OTU8EDW.JPG
2914,棻5,HTTPS://I.IMGUR.COM/WH3VUK5.JPG
2915,薰1,HTTPS://I.IMGUR.COM/VBHESTJ.JPG
2916,旻4,HTTPS://I.IMGUR.COM/XILWKM6.JPG
2917,牛4,HTTPS://I.IMGUR.COM/O8UCUDS.JPG
2925,兔1,HTTPS://I.IMGUR.COM/9SZMYP1.JPG
2926,@KATHY🎀ZE®O♥제로 ,HTTPS://I.IMGUR.COM/TBS1IQY.JPG
2927,@小涵 ,HTTPS://I.IMGUR.COM/FUCF6WI.JPG
2928,@天天 ,HTTPS://I.IMGUR.COM/UQA0DVX.JPG
2930,@邱韶瑋 ,HTTPS://I.IMGUR.COM/VGP9IA6.JPG
2932,@🌟ṾЄЯṄʏ♓ ,HTTPS://I.IMGUR.COM/5CQMFBI.JPG
2934, @なかじま中島しんいち真一さん ,HTTPS://I.IMGUR.COM/RJFZ3YF.JPG
2936,@HEAD PREDATOR ,HTTPS://I.IMGUR.COM/FCGJXAA.JPG
2937,隊長,HTTPS://I.IMGUR.COM/GQRKJAT.JPG
2938,隊長,HTTPS://I.IMGUR.COM/GQRKJAT.JPG
2945,@徐雯雯  WENNY ,HTTPS://I.IMGUR.COM/U20TEGS.JPG
2954,@郁棻兒💋,HTTPS://I.IMGUR.COM/MLLHHWI.JPG
2956,@🐥AMYBAO💕,HTTPS://I.IMGUR.COM/QT4CUXI.JPG
2957,@🐥AMYBAO💕,HTTPS://I.IMGUR.COM/QT4CUXI.JPG
2969,@HEAD PREDATOR,HTTPS://I.IMGUR.COM/WG9ZVVI.JPG
2970,@HEAD PREDATOR,HTTPS://I.IMGUR.COM/WG9ZVVI.JPG
2974,@葇葇✨ ,HTTPS://I.IMGUR.COM/SWNGGVI.JPG
2976,@SEANNA 肖娜 ,HTTPS://I.IMGUR.COM/MS6WRRS.JPG
2979,@SEANNA 肖娜 ,HTTPS://I.IMGUR.COM/MS6WRRS.JPG
2980,@葇葇✨ ,HTTPS://I.IMGUR.COM/SWNGGVI.JPG
2982,@ESTHER✟ ,HTTPS://I.IMGUR.COM/WO7VMYD.JPG
2988,好结局,HTTPS://YOUTU.BE/28RIBHKDLZY
2989,好結局,HTTPS://YOUTU.BE/28RIBHKDLZY
2991,@♠J森 ,HTTPS://I.IMGUR.COM/OZ7XZGI.JPG
2992,@♠J森 ,HTTPS://I.IMGUR.COM/OZ7XZGI.JPG
2994,SAO FB 功略匯集,HTTP://WWW.ENTERTAINMENT14.NET/BLOG/POST/110948044-%E5%88%80%E5%8A%8D%E7%A5%9E%E5%9F%9F-%E5%A5%AA%E5%91%BD%E5%87%B6%E5%BD%88-%E6%94%BB%E7%95%A5%E5%8C%AF%E9%9B%86
2999,MD精華,HTTPS://I.IMGUR.COM/IZSREIA.JPG
3000,MD精華,HTTPS://I.IMGUR.COM/IZSREIA.JPG
3001,MD精華,HTTPS://I.IMGUR.COM/IZSREIA.JPG
3002,MD精華,HTTPS://I.IMGUR.COM/IZSREIA.JPG
3017,@☘️ㄓㄨㄚ、稘☘️ ,HTTPS://I.IMGUR.COM/XPK2OV1.JPG
3021,抽男人,HTTPS://I.IMGUR.COM/H5MANV3.JPG
3039,真結局,真結局真正要求是要這遊戲新出的四個角色和AFASYS好感度四級75%或以上，其他角色好感度二級或以上，溫泉泳裝兩圖入手，和玩家所有事件完成（不是桐人模式）(原文: HTTPS://WWW.FACEBOOK.COM/GROUPS/SAO.FTB/PERMALINK/498582113869934/)
3046,OST,HTTP://WWW.TSDM.ME/FORUM.PHP?MOD=VIEWTHREAD&TID=866190
3049,@苡萱 ,HTTPS://I.IMGUR.COM/APX559M.JPG
3062,0E2194DE93BC30EA2B899285D6A5517A9AA9D3EEC7FE257D503601ED,...
3063,SHA 224,HTTPS://I.IMGUR.COM/NWBK78X.JPG
3064,SHA 001,HTTPS://I.IMGUR.COM/ARMLZTZ.JPG
3065,SHA 001,HTTPS://I.IMGUR.COM/ARMLZTZ.JPG
3066,SHA 002,HTTPS://I.IMGUR.COM/VZEBWKK.JPG
3067,SHA 002,HTTPS://I.IMGUR.COM/VZEBWKK.JPG
3069,002,HTTPS://I.IMGUR.COM/VZEBWKK.JPG
3070,002,HTTPS://I.IMGUR.COM/VZEBWKK.JPG
3071,騙人的吧,HTTPS://I.IMGUR.COM/HEFALLE.PNG
3072,C8763,HTTPS://I.IMGUR.COM/VBJTM9F.PNG
3073,零二,HTTPS://I.IMGUR.COM/VZEBWKK.JPG
3076,十秒,HTTPS://I.IMGUR.COM/ERDFSK3.PNG
3079,新人,HTTPS://I.IMGUR.COM/OXFL0HT.JPG
3080,藜1,HTTPS://I.IMGUR.COM/P7S2ANV.JPG
3081,藜2,HTTPS://I.IMGUR.COM/OUKVGE3.JPG
3082,藜2,HTTPS://I.IMGUR.COM/OUKVGE3.JPG
3083,藜1,HTTPS://I.IMGUR.COM/P7S2ANV.JPG
3085,@☘️ㄓㄨㄚ、稘☘,HTTPS://I.IMGUR.COM/CJWHTJH.JPG
3086,@☘️ㄓㄨㄚ、稘☘️,HTTPS://I.IMGUR.COM/CJWHTJH.JP
3090,@HTHT ,HTTPS://I.IMGUR.COM/DSHWKJP.JPG
3091,@HTHT ,HTTPS://I.IMGUR.COM/DSHWKJP.JPG
3095,@K👻 妞,HTTPS://I.IMGUR.COM/HVOKJV8.JPG
3096,@JOLIN《婕》 ,HTTPS://I.IMGUR.COM/EHBJR2E.JPG
3097,@庭嘉 ,HTTPS://I.IMGUR.COM/TT6Y68E.JPG
3098,@МÖМÖ🌈(๑¯㉨¯๑)® ,HTTPS://I.IMGUR.COM/BHMFEYE.JPG
3099,@❣️艾ELEANOR TOP🍓❣️ ,HTTPS://I.IMGUR.COM/YLJJFE6.JPG
3100,@伊 ,HTTPS://I.IMGUR.COM/7A3BZU7.JPG
3101,@均均 ,HTTPS://I.IMGUR.COM/XHB2XBS.JPG
3102,@JOLIN《婕》 ,HTTPS://I.IMGUR.COM/EHBJR2E.JPG
3103,@K👻 妞,HTTPS://I.IMGUR.COM/HVOKJV8.JPG
3104,@庭嘉 ,HTTPS://I.IMGUR.COM/TT6Y68E.JPG
3105,@均均 ,HTTPS://I.IMGUR.COM/XHB2XBS.JPG
3106,@❣️艾ELEANOR TOP🍓❣️ ,HTTPS://I.IMGUR.COM/YLJJFE6.JPG
3107,@МÖМÖ🌈(๑¯㉨¯๑)® ,HTTPS://I.IMGUR.COM/BHMFEYE.JPG
3108,@伊 ,HTTPS://I.IMGUR.COM/7A3BZU7.JPG
3114,@趙芩藜 ,HTTPS://I.IMGUR.COM/AKDVRV8.JPG
3115,@趙芩藜 ,HTTPS://I.IMGUR.COM/AKDVRV8.JPG
3116,@米可芸 ,HTTPS://I.IMGUR.COM/UBYAGKO.JPG
3117,@米可芸 ,HTTPS://I.IMGUR.COM/UBYAGKO.JPG
3119,@COCKROACH ,HTTPS://I.IMGUR.COM/0YLQCYQ.JPG
3120,@COCKROACH ,HTTPS://I.IMGUR.COM/0YLQCYQ.JPG
3123,掉落,HTTPS://I.IMGUR.COM/MSK2JNU.JPG
3124,武器,HTTPS://I.IMGUR.COM/MSK2JNU.JPG
3125,武器掉落,HTTPS://I.IMGUR.COM/MSK2JNU.JPG
3146,可Iㄉ7AZ(HEART),HTTPS://I.IMGUR.COM/PPTFLBU.JPG
3147,魚鱼魚魚魚ㄙㄩㄩ魚魚魚ㄩㄩ鱼鱼ㄩㄩ魚魚ㄩㄩ漁魚魚魚！！！+*\>/@'!?,\\-,HTTPS://I.IMGUR.COM/UW1UTAD.JPG
3163,對長,HTTPS://I.IMGUR.COM/GQRKJAT.JPG
3164,對長,HTTPS://I.IMGUR.COM/GQRKJAT.JPG
3165,@ESTHER✟ ,HTTPS://I.IMGUR.COM/WO7VMYD.JPG
3171,@傑夫☀️子曜 ,HTTPS://I.IMGUR.COM/OKSHTOS.JPG
3184,@なかじま中島しんいち真一さん ,HTTPS://I.IMGUR.COM/RJFZ3YF.JPG
3188,@VE. ,HTTPS://I.IMGUR.COM/APX559M.JPG
3189,@°微✚ゞ‿✪夜空の星♪™,HTTPS://I.IMGUR.COM/ZXBC4EK.JPG
3194,@°微✚ゞ‿✪夜空の星♪™,HTTPS://I.IMGUR.COM/9QDD4UQ.JPG
3201,菜2,HTTPS://I.IMGUR.COM/3LVVNLY.JPG
3202,菜2,HTTPS://I.IMGUR.COM/3LVVNLY.JPG
3203,菜3,HTTPS://I.IMGUR.COM/TTXNZP8.JPG
3205,菜9,HTTPS://I.IMGUR.COM/B0LD8YF.JPG
3208,菜9,HTTPS://I.IMGUR.COM/B0LD8YF.JPG
3209,菜3,HTTPS://I.IMGUR.COM/TTXNZP8.JPG
3213,真結局,真結局要求:\n1. KUREHA, ZELISKA, ITSUKI, BAZALT JOE, ALFASYS 好感度LV.4 75%+\n2. 所有角色除以上五位以外好感LV.2+\n3. CG溫泉、CG泳裝 入手\n4. 完成所有支線任務(綠色泡泡)\n(原文: HTTPS://WWW.FACEBOOK.COM/GROUPS/SAO.FTB/PERMALINK/498582113869934/)
3215,@🐥AMYBAO💕 ,HTTPS://I.IMGUR.COM/ELE3XDF.JPG
3218,@纳兹 ,HTTPS://I.IMGUR.COM/QCDYMSS.JPG
3219,@鄭景文 ,HTTPS://I.IMGUR.COM/FQY7CUW.JPG
3220,@TZU  LUNG ,HTTPS://I.IMGUR.COM/SHM6NYK.JPG
3221,@春玄 ,HTTPS://I.IMGUR.COM/PYTNMSE.JPG
3222,@卡稱ෆ͙⃛ ,HTTPS://I.IMGUR.COM/EOA9GOL.JPG
3223,@SUPREME DING ,HTTPS://I.IMGUR.COM/ZUALGNS.JPG
3224,@傑夫☀️子曜 ,HTTPS://I.IMGUR.COM/A7OUHDF.JPG
3225,@高振 林通海 ,HTTPS://I.IMGUR.COM/YVULKYQ.JPG
3226,@傑傑 ,HTTPS://I.IMGUR.COM/BUYILCC.JPG
3227,@テイルス-尚雨 ,HTTPS://I.IMGUR.COM/YFXNVOT.JPG
3228,@°微✚ゞ‿✪夜空の星♪™ ,HTTPS://I.IMGUR.COM/JIXDKY1.JPG
3229,@溫溫 ,HTTPS://I.IMGUR.COM/DRZ4SP2.JPG
3230,@鄭景文 ,HTTPS://I.IMGUR.COM/FQY7CUW.JPG
3231,@TZU  LUNG ,HTTPS://I.IMGUR.COM/SHM6NYK.JPG
3232,@纳兹 ,HTTPS://I.IMGUR.COM/QCDYMSS.JPG
3233,@°微✚ゞ‿✪夜空の星♪™ ,HTTPS://I.IMGUR.COM/JIXDKY1.JPG
3234,@春玄 ,HTTPS://I.IMGUR.COM/PYTNMSE.JPG
3235,@テイルス-尚雨 ,HTTPS://I.IMGUR.COM/YFXNVOT.JPG
3236,@卡稱ෆ͙⃛ ,HTTPS://I.IMGUR.COM/EOA9GOL.JPG
3237,@傑傑 ,HTTPS://I.IMGUR.COM/BUYILCC.JPG
3238,@高振 林通海 ,HTTPS://I.IMGUR.COM/YVULKYQ.JPG
3239,@溫溫 ,HTTPS://I.IMGUR.COM/DRZ4SP2.JPG
3240,@SUPREME DING ,HTTPS://I.IMGUR.COM/ZUALGNS.JPG
3241,@傑夫☀️子曜 ,HTTPS://I.IMGUR.COM/A7OUHDF.JPG
3242,@阿茹 ,HTTPS://I.IMGUR.COM/QAKEBJ2.JPG
3243,@阿茹 ,HTTPS://I.IMGUR.COM/QAKEBJ2.JPG
3244,女王,HTTPS://I.IMGUR.COM/SDIXNZT.JPG
3245,女王,HTTPS://I.IMGUR.COM/SDIXNZT.JPG
3256,武器表,HTTPS://DOCS.GOOGLE.COM/SPREADSHEETS/D/1CL3JRBGY_AEN2L3IOSJ8YHKOALM5NQPTLJCWLXJXQFW/HTMLVIEW
3260,@郭育文 ,HTTPS://I.IMGUR.COM/WWY3HE9.JPG
3261,@LOS🌹 ,HTTPS://I.IMGUR.COM/GKMBM7V.JPG
3262,@🧚🏻‍♂️派派妮🧖🏻‍♀️ ,HTTPS://I.IMGUR.COM/HXRETJD.JPG
3263,@心星相印✨金魚 ,HTTPS://I.IMGUR.COM/MYWPETW.JPG
3264,@FRANKIE ,HTTPS://I.IMGUR.COM/TYGNB9A.JPG
3265,@LIN LIN ,HTTPS://I.IMGUR.COM/ZGBZOMO.JPG
3266,@MIKO ❤️ ,HTTPS://I.IMGUR.COM/2VMOINQ.JPG
3267,@安琪兒 ,HTTPS://I.IMGUR.COM/N8PAKPW.JPG
3269,@❤️小雅❤️ ,HTTPS://I.IMGUR.COM/LBMAQIY.JPG
3271,@💕TIFFANY💕😘 ,HTTPS://I.IMGUR.COM/Z1NT2NL.JPG
3272,@JULIA KUMICKY🎀 ,HTTPS://I.IMGUR.COM/ID2GGMA.JPG
3273,@✿璇 선✿ ,HTTPS://I.IMGUR.COM/U0ONUIQ.JPG
3274,@🧚🏻‍♂️派派妮🧖🏻‍♀️ ,HTTPS://I.IMGUR.COM/HXRETJD.JPG
3275,@FRANKIE ,HTTPS://I.IMGUR.COM/TYGNB9A.JPG
3276,@心星相印✨金魚 ,HTTPS://I.IMGUR.COM/MYWPETW.JPG
3277,@LOS🌹 ,HTTPS://I.IMGUR.COM/GKMBM7V.JPG
3278,@郭育文 ,HTTPS://I.IMGUR.COM/WWY3HE9.JPG
3279,@LIN LIN ,HTTPS://I.IMGUR.COM/ZGBZOMO.JPG
3280,@MIKO ❤️ ,HTTPS://I.IMGUR.COM/2VMOINQ.JPG
3281,@安琪兒 ,HTTPS://I.IMGUR.COM/N8PAKPW.JPG
3282,@JESS ,HTTPS://I.IMGUR.COM/NUEJISU.JPG
3283,@❤️小雅❤️ ,HTTPS://I.IMGUR.COM/LBMAQIY.JPG
3284,@💕TIFFANY💕😘 ,HTTPS://I.IMGUR.COM/Z1NT2NL.JPG
3285,@JULIA KUMICKY🎀 ,HTTPS://I.IMGUR.COM/ID2GGMA.JPG
3286,@✿璇 선✿ ,HTTPS://I.IMGUR.COM/U0ONUIQ.JPG
3288,@蝦     展 ,HTTPS://I.IMGUR.COM/LYCJOHN.JPG
3289,@香菇豬 ,HTTPS://I.IMGUR.COM/ZRRRQTM.JPG
3290,@旻諺 ,HTTPS://I.IMGUR.COM/SH0FZCI.JPG
3291,@ROSS ,HTTPS://I.IMGUR.COM/ZE4ZYFR.JPG
3293,@韋 ,HTTPS://I.IMGUR.COM/CW0TCUQ.JPG
3294,@蕭煒霖 ,HTTPS://I.IMGUR.COM/NOIWZO8.JPG
3295,@客觀一哥 ,HTTPS://I.IMGUR.COM/GJACAUC.JPG
3296,@CLEAN ,HTTPS://I.IMGUR.COM/B7VEXRE.JPG
3297,@旻諺 ,HTTPS://I.IMGUR.COM/SH0FZCI.JPG
3298,@ROSS ,HTTPS://I.IMGUR.COM/ZE4ZYFR.JPG
3299,@客觀一哥 ,HTTPS://I.IMGUR.COM/GJACAUC.JPG
3300,@蝦     展 ,HTTPS://I.IMGUR.COM/LYCJOHN.JPG
3301,@蕭煒霖 ,HTTPS://I.IMGUR.COM/NOIWZO8.JPG
3302,@韋 ,HTTPS://I.IMGUR.COM/CW0TCUQ.JPG
3303,@CLEAN ,HTTPS://I.IMGUR.COM/B7VEXRE.JPG
3304,@香菇豬 ,HTTPS://I.IMGUR.COM/ZRRRQTM.JPG
3305,@RICO CHEN👣IN TAIPEI ,HTTPS://I.IMGUR.COM/3JC4UZV.JPG
3306,@💖王莎瑄🐱寶貝小吉💖 ,HTTPS://I.IMGUR.COM/ICQGEZR.JPG
3307,@💖王莎瑄🐱寶貝小吉💖 ,HTTPS://I.IMGUR.COM/ICQGEZR.JPG
3312,@⛵賜我夢境⛵ ,HTTPS://I.IMGUR.COM/OEXLZQY.JPG
3313,@傻寶♌️ ,HTTPS://I.IMGUR.COM/J0NVR66.JPG
3315,@K👻 ,HTTPS://I.IMGUR.COM/OIYTXK6.JPG
3316,@傻寶♌️ ,HTTPS://I.IMGUR.COM/J0NVR66.JPG
3318,@K👻 ,HTTPS://I.IMGUR.COM/OIYTXK6.JPG
3319,@⛵賜我夢境⛵ ,HTTPS://I.IMGUR.COM/OEXLZQY.JPG
3320,@心星相印✨金魚,HTTPS://I.IMGUR.COM/FEK91T8.JPG
3326,@G_X_Y ,HTTPS://I.IMGUR.COM/4MEPVAW.JPG
3327,@G_X_Y ,HTTPS://I.IMGUR.COM/4MEPVAW.JPG
3329,@初吻 ,HTTPS://I.IMGUR.COM/4ZZBCNX.JPG
3330,@初吻 ,HTTPS://I.IMGUR.COM/4ZZBCNX.JPG
3331,@T-JIM.黃逍 ,HTTPS://I.IMGUR.COM/BOLV00C.JPG
3332,@T-JIM.黃逍 ,HTTPS://I.IMGUR.COM/BOLV00C.JPG
3337,正,HTTPS://I.IMGUR.COM/8RCI2UX.JPG
3342,@OSCARLIN@TW ,HTTPS://I.IMGUR.COM/YZQJ04H.JPG\n自認為是帥氣又暖心的雙魚底迪\n飛比指定介紹，為火箭底迪是也\n猜哥表示帥氣又暖心雙魚色底迪 
3345,@STEVEN 蕭-老兵 ,HTTPS://I.IMGUR.COM/EZCK3XP.JPG
3353,@BRUCE ,HTTPS://I.IMGUR.COM/C50ZLYW.JPG
3357,@SH ,HTTPS://I.IMGUR.COM/6SZAHQY.JPG
3358,@NORMAN ,HTTPS://I.IMGUR.COM/PQAWWIN.JPG
3359,@OSCARLIN@TW ,HTTPS://I.IMGUR.COM/YZQJ04H.JPG
3360,@🎭  黃小如 ,HTTPS://I.IMGUR.COM/0SLY7GP.JPG
3364,開看看,HTTPS://EZGIF.COM/APNG-TO-GIF
3366,@RICO CHEN👣IN TAIPEI ,HTTPS://I.IMGUR.COM/9SVREQC.JPG
3368,@GLENCHANG ,HTTPS://I.IMGUR.COM/R3A3CCO.JPG
3369,@阿傑 ,HTTPS://I.IMGUR.COM/NL6RBQE.JPG
3370,@洪明雄 ,HTTPS://I.IMGUR.COM/SMWTJSP.JPG
3371,@阿如 ,HTTPS://I.IMGUR.COM/RTBTDDD.JPG
3375,@阿偉 ,HTTPS://I.IMGUR.COM/PJNGG5U.JPG
3376,@張開智 啤酒 ,HTTPS://I.IMGUR.COM/ZFRKUVT.JPG
3380,@JESS ,HTTPS://I.IMGUR.COM/NUEJISU.JPG
3382,@🐥AMYBAO💕 ,HTTPS://I.IMGUR.COM/ELE3XDF.JPG
3383,@💋詹AMYBAO💋 ,HTTPS://I.IMGUR.COM/ELE3XDF.JPG
3384,@💋詹AMYBAO💋 ,HTTPS://I.IMGUR.COM/ELE3XDF.JPG
3386,@J森😘😘 ,HTTPS://I.IMGUR.COM/GJACAUC.JPG
3388,@郁棻兒💋 ,HTTPS://I.IMGUR.COM/IVPNT3M.JPG
3389,@郁棻兒💋 ,HTTPS://I.IMGUR.COM/IVPNT3M.JPG
3390,@彥蓉😍ANGELA WU ,HTTPS://I.IMGUR.COM/LHSFP3T.JPG
3391,@彥蓉😍ANGELA WU ,HTTPS://I.IMGUR.COM/LHSFP3T.JPG
3392,@李品毅 ,HTTPS://I.IMGUR.COM/B0NH6O0.JPG
3393,@李品毅 ,HTTPS://I.IMGUR.COM/B0NH6O0.JPG
3406,@J森😘😘 ,HTTPS://I.IMGUR.COM/IJ5K52Z.JPG
3407,武器掉落,HTTPS://I.IMGUR.COM/MSK2JNU.JPG
3408,@💋詹AMYBAO💋,HTTPS://I.IMGUR.COM/ELE3XDF.JPG
3409,@郁棻兒💋,HTTPS://I.IMGUR.COM/IVPNT3M.JPG
3410,@李品毅,HTTPS://I.IMGUR.COM/B0NH6O0.JPG
3411,琪1,HTTPS://I.IMGUR.COM/TDEADMF.JPG
3412,琪1,HTTPS://I.IMGUR.COM/TDEADMF.JPG
3417,柯南,HTTPS://MEGA.CO.NZ/#F!0ZL10ACA!RLXABREESIHXGLYSJVDJ7G\nHTTPS://PAN.BAIDU.COM/S/1O8BHFKY @9G0J
3418,@HEAD DESPERATE,HTTPS://I.IMGUR.COM/2EAUQ6F.JPG
3422,@HEAD DESPERATE ,HTTPS://I.IMGUR.COM/2EAUQ6F.JPG
3423,@HEAD DESPERATE ,HTTPS://I.IMGUR.COM/2EAUQ6F.JPG
3428,腦殘,HTTPS://I.IMGUR.COM/UXYTCVR.JPG
3429,飛比咬手手,HTTPS://I.IMGUR.COM/WYAUZKJ.JPG
3430,飛比經典照,HTTPS://I.IMGUR.COM/VIZHBVW.JPG
3431,飛比空空,HTTPS://I.IMGUR.COM/TAXXJIR.JPG
3435,嚇到吃手手,HTTPS://I.IMGUR.COM/T64Z0SE.JPG
3437,@大富"室內設計"服務項目:裝潢油漆水電 ,HTTPS://I.IMGUR.COM/ALPTBHL.JPG
3444,「粉絲團歡迎你」,HTTPS://I.IMGUR.COM/BJKNPVB.JPG
3446,@回到角落的小涵 ,HTTPS://I.IMGUR.COM/FUCF6WI.JPG
3447,@回到角落的小涵 ,HTTPS://I.IMGUR.COM/FUCF6WI.JPG
3448,@徐尉 ,HTTPS://I.IMGUR.COM/ZQ76GO4.JPG
3449,@回到角落的小涵,HTTPS://I.IMGUR.COM/FUCF6WI.JPG
3450,@MICHELLE晴 ,HTTPS://I.IMGUR.COM/NLTGRKN.JPG
3451,@✨彤✨ ,HTTPS://I.IMGUR.COM/VJD8QIB.JPG
3452,@✨彤✨ ,HTTPS://I.IMGUR.COM/VJD8QIB.JPG
3453,@MICHELLE晴 ,HTTPS://I.IMGUR.COM/NLTGRKN.JPG
3455,EC課程表,HTTPS://MEGA.NZ/#!FYSBMDPB!NUISNJVQ68R2FEY5AYV1FIBZWYLPXO2Q5IACDRT3MFU
3459,@HEAD DESPERATE ,HTTPS://I.IMGUR.COM/MI4DZKQ.JPG
3460,@HEAD DESPERATE ,HTTPS://I.IMGUR.COM/MI4DZKQ.JPG
3462,@瑩瑩 ,HTTPS://I.IMGUR.COM/HJLYZPB.JPG
3463,@MAXINE ,HTTPS://I.IMGUR.COM/UTQNCH7.JPG
3465,G課金問題,求助LINK HTTPS://SUPPORT.GOOGLE.COM/GOOGLEPLAY/?HL=EN#TOPIC=3364260&CONTACT=1
3470,@葉小平 ,HTTPS://I.IMGUR.COM/ECQUZ7G.JPG
3471,@葉小平 ,HTTPS://I.IMGUR.COM/ECQUZ7G.JPG
3475,@COCKROACH ,HTTPS://I.IMGUR.COM/PVNC4NP.JPG
3476,@伈小黑(BK) ,HTTPS://I.IMGUR.COM/UEXGIRC.JPG
3477,@TOICE ,HTTPS://I.IMGUR.COM/DFQ5PLY.JPG
3483,@水萌萌 ,HTTPS://I.IMGUR.COM/IFZ0NCE.JPG
3539,@飛比✈ ,HTTPS://I.IMGUR.COM/OLNJLCS.JPG
3545,@YAN ,HTTPS://I.IMGUR.COM/BZHINIR.JPG
3546,@YAN ,HTTPS://I.IMGUR.COM/BZHINIR.JPG
3547,@YAN,HTTPS://I.IMGUR.COM/BZHINIR.JPG
3575,小幸,HTTPS://I.IMGUR.COM/ICZFFOU.PNG)
3581,周年,HTTPS://IMGUR.COM/1THLW62.JPG
3584,@🧚🏻‍♂️妮妮🧖🏻‍♀️ ,HTTPS://I.IMGUR.COM/HXRETJD.JPG
3585,@🧚🏻‍♂️妮妮🧖🏻‍♀️ ,HTTPS://I.IMGUR.COM/HXRETJD.JPG
3587,UW3,HTTPS://IMGUR.COM/LYVECRO.JPG
3589,友情,HTTPS://IMGUR.COM/BDTVDQU.JPG
3592,OS3,HTTPS://IMGUR.COM/OSVMRLJ.JPG
3598,月夜,HTTPS://I.IMGUR.COM/3F0YLUR.JPG
3599,OS1,HTTPS://I.IMGUR.COM/XWGVX0A.JPG
3600,啦啦隊,HTTPS://I.IMGUR.COM/NTRHZ1O.JPG
3605,UW1,HTTPS://I.IMGUR.COM/KTYMQEY.JPG
3606,女兒節,HTTPS://I.IMGUR.COM/WNRVEDT.JPG
3607,忍者,HTTPS://I.IMGUR.COM/PWLTCQX.JPG
3608,偶像,HTTPS://I.IMGUR.COM/8CLD7SD.JPG
3609,水手服,HTTPS://I.IMGUR.COM/5AIZUXT.JPG
3610,童話,HTTPS://I.IMGUR.COM/IWSTHB5.JPG
3611,女僕,HTTPS://I.IMGUR.COM/B6BIMWC.JPG
3612,UW2,HTTPS://I.IMGUR.COM/B2CKJ0A.JPG
3614,戲水,HTTPS://I.IMGUR.COM/RCMTHWH.JPG
3615,星座,HTTPS://I.IMGUR.COM/JDPMIQZ.JPG
3616,花嫁,HTTPS://I.IMGUR.COM/N84RUQS.JPG
3617,OS2,HTTPS://I.IMGUR.COM/SQCFJN7.JPG
3618,@MISSPURE ,HTTPS://I.IMGUR.COM/FGQMVGB.JPG
3619,@雨雨 ,HTTPS://I.IMGUR.COM/N01TEPY.JPG
3620,@雨雨 ,HTTPS://I.IMGUR.COM/N01TEPY.JPG
3623,@★潮  潮﹒『六六』 ,HTTPS://I.IMGUR.COM/YSYGU1A.JPG
3624,@★潮  潮﹒『六六』 ,HTTPS://I.IMGUR.COM/YSYGU1A.JPG
3627,@夜空中的金魚,HTTPS://I.IMGUR.COM/FEK91T8.JPG
3628,@夜空中的金魚 ,HTTPS://I.IMGUR.COM/MYWPETW.JPG
3629,@夜空中的金魚 ,HTTPS://I.IMGUR.COM/MYWPETW.JPG
3630,@夜空中的金魚,HTTPS://I.IMGUR.COM/FEK91T8.JPG
3633,職業,HTTPS://I.IMGUR.COM/C7YEMHI.JPG
3634,梅雨,HTTPS://I.IMGUR.COM/ZWKLZ8Z.JPG
3637,霸體,HTTPS://I.IMGUR.COM/CEK9PLV.JPG
3640,R7R82,HTTPS://TRUTH.BAHAMUT.COM.TW/S01/201803/3BF2EF35DD128CEF6ABABE1FC14B2428.JPG
3641,R7R81,HTTPS://TRUTH.BAHAMUT.COM.TW/S01/201803/6D88770B79BF3615FD7A1322AA3D3ABD.JPG
3642,R7R83,HTTPS://TRUTH.BAHAMUT.COM.TW/S01/201803/609C6D0E41569E3FCE55B3EB85D70BB5.JPG
3643,R7R82,HTTPS://TRUTH.BAHAMUT.COM.TW/S01/201803/3BF2EF35DD128CEF6ABABE1FC14B2428.JPG
3644,R7R81,HTTPS://TRUTH.BAHAMUT.COM.TW/S01/201803/6D88770B79BF3615FD7A1322AA3D3ABD.JPG
3645,R7R83,HTTPS://TRUTH.BAHAMUT.COM.TW/S01/201803/609C6D0E41569E3FCE55B3EB85D70BB5.JPG
3647,@葉小平,HTTPS://I.IMGUR.COM/KAVUZKG.JPG
3649,@HEAD DESPERATE,HTTPS://I.IMGUR.COM/MTAIICE.JPG
3651,@HEAD DESPERATE,HTTPS://I.IMGUR.COM/MTAIICE.JPG
3652,@葉小平,HTTPS://I.IMGUR.COM/KAVUZKG.JPG
3653,@COCKROACH,HTTPS://I.IMGUR.COM/XTLW7N0.JPG
3654,@天天,HTTPS://I.IMGUR.COM/5EY5YAD.JPG
3655,@米可芸,HTTPS://I.IMGUR.COM/FXIXUCI.JPG
3656,@COCKROACH,HTTPS://I.IMGUR.COM/XTLW7N0.JPG
3660,@CLEAN,HTTPS://I.IMGUR.COM/CWDSSYJ.JPG
3661,@☘️ㄓㄨㄚ、稘☘️,HTTPS://I.IMGUR.COM/WQ0HQKL.JPG
3662,@均均,HTTPS://I.IMGUR.COM/DNMNX5W.JPG
3663,@天天,HTTPS://I.IMGUR.COM/5EY5YAD.JPG
3664,@米可芸,HTTPS://I.IMGUR.COM/FXIXUCI.JPG
3665,@均均,HTTPS://I.IMGUR.COM/DNMNX5W.JPG
3666,@CLEAN,HTTPS://I.IMGUR.COM/CWDSSYJ.JPG
3667,@☘️ㄓㄨㄚ、稘☘️,HTTPS://I.IMGUR.COM/WQ0HQKL.JPG
3675,海灘,HTTPS://I.IMGUR.COM/ELIY35S.JPG
3676,七夕,HTTPS://I.IMGUR.COM/QNQGET1.JPG
3677,浴衣,HTTPS://I.IMGUR.COM/JQRFC4P.JPG
3678,夏色,HTTPS://I.IMGUR.COM/T8UHWCT.JPG
3679,祭典,HTTPS://I.IMGUR.COM/QSSJMWE.JPG
3680,海盜,HTTPS://I.IMGUR.COM/U3TL0P1.JPG
3681,@ESTHER✟,HTTPS://I.IMGUR.COM/7VMJGJP.JPG
3682,@ESTHER✟,HTTPS://I.IMGUR.COM/7VMJGJP.JPG
3683,表,HTTPS://I.IMGUR.COM/TOGI8NZ.JPG
3684,@♡天天♡,HTTPS://I.IMGUR.COM/5EY5YAD.JPG
3686,@♡天天♡ ,HTTPS://I.IMGUR.COM/UQA0DVX.JPG
3687,@♡天天♡,HTTPS://I.IMGUR.COM/5EY5YAD.JPG
3688,@♡天天♡ ,HTTPS://I.IMGUR.COM/UQA0DVX.JPG
3689,表下載,網址(ONEDRIVE): HTTPS://ONEDRIVE.LIVE.COM/DOWNLOAD?CID=AFF98139D4BAC41F&RESID=AFF98139D4BAC41F%2179056&AUTHKEY=AF30NJXFPEVLKDM&EM=2
3692,搗蛋,HTTPS://I.IMGUR.COM/RRH5KQA.JPG
3693,表,HTTPS://I.IMGUR.COM/C9AQ3WK.JPG
3703,素材加倍,HTTPS://I.IMGUR.COM/YPJ27KH.JPG
3704,素材加倍,HTTPS://I.IMGUR.COM/YPJ27KH.JPG
3705,素材加倍,HTTPS://I.IMGUR.COM/YPJ27KH.JPG
3716,素材加倍,HTTPS://I.IMGUR.COM/LQKP6XW.JPG
3718,R7R82,HTTPS://TRUTH.BAHAMUT.COM.TW/S01/201803/3BF2EF35DD128CEF6ABABE1FC14B2428.JPG
3719,R7R81,HTTPS://TRUTH.BAHAMUT.COM.TW/S01/201803/6D88770B79BF3615FD7A1322AA3D3ABD.JPG
3720,R7R83,HTTPS://TRUTH.BAHAMUT.COM.TW/S01/201803/609C6D0E41569E3FCE55B3EB85D70BB5.JPG
3722,融立FLAG,HTTPS://I.IMGUR.COM/SYLYDWV.JPG
3723,勳FLAG,HTTPS://I.IMGUR.COM/KTXFMQ0.JPG
3724,融告白,HTTPS://I.IMGUR.COM/HL2GFDG.JPG
