1886,@ğŸŒ¹è©¹AMY ,https://i.imgur.com/VL0KTIW.jpg
1891,@å¿—é´»@å‚‘å¤«ğŸ¹ ,https://i.imgur.com/2Fm2Khv.jpg
1893,@KASTREL ,https://i.imgur.com/BQg3IXP.jpg
1894,@âœ¨å°é¦™ğŸŒ¸ ,https://i.imgur.com/S8T1bYw.jpg
1895,@å‘‚æ€ğŸ¥ ,https://i.imgur.com/Gh7prob.jpg
1900,@è² FEI ,https://i.imgur.com/kDlK74n.jpg
1902,@æœ¬å®®åå­—å«é‡‘é­šğŸ’‹ ,HTTPS://I.IMGUR.COM/XVP4HWT.JPG,XvP4hWt,Xvp4hwt
1905,@â˜«NI NIâ˜« ,https://i.imgur.com/eS7hodB.jpg
1906,@ğŸ¬ã¯ã­â¦æ½¼ğŸ¬ ,https://i.imgur.com/yto3HW9.jpg
1908,@JIANG ,https://i.imgur.com/snM5AUf.jpg
1911,DE05AD4A4D7D8D6988F4538FD04DA2D04085A5E309D7087F8FAEBD80,https://i.imgur.com/AzzO5Zj.jpg
1912,MDç²¾è¯,https://i.imgur.com/AzzO5Zj.jpg
1921,@FRANKIE W ,https://i.imgur.com/wr3oWT2.jpg
1933,ç¾1,https://i.imgur.com/3U9xGhX.jpg
1934,ç¾2,https://i.imgur.com/zcPXvNt.jpg
1935,ç¾3,https://i.imgur.com/QjQlGUm.jpg
1936,ç¾4,https://i.imgur.com/glwQhD7.jpg
1979,ç«¥1,https://i.imgur.com/pE8B88j.jpg
1981,@à¼ºà¼ƒå€ªà¼’å€ªà¼ƒà¼» ,https://i.imgur.com/rvQoEfi.jpg
1982,é­š5,https://i.imgur.com/FJZ0AuD.jpg
1983,é­š4,https://i.imgur.com/ye5hZ6t.jpg
1984,é­š6,https://i.imgur.com/4fYi4an.jpg
1985,é­š8,https://i.imgur.com/JKQzZhS.jpg
1986,é­š9,https://i.imgur.com/cLAIfDk.jpg
1987,é­š7,https://i.imgur.com/dAGfWgW.jpg
1990,èœ4,https://i.imgur.com/Y0scDE5.jpg
1992,èœ8,https://i.imgur.com/bMWgtWH.jpg
1995,èœ5,HTTPS://I.IMGUR.COM/BODADQK.JPG,bodAdqK,bODAdqK,bOdadQk
1996,èœ6,HTTPS://I.IMGUR.COM/PUXCQWL.JPG,ERROR - https://i.imgur.com/PUXcQwl.jpg,pUXCQwl
1998,èœ11,https://i.imgur.com/44sqFE1.jpg
1999,èœ12,https://i.imgur.com/G3s5ytR.jpg
2001,èœ1,https://i.imgur.com/i5rAfA5.jpg
2011,é­š5,https://i.imgur.com/FJZ0AuD.jpg
2012,é­š4,https://i.imgur.com/ye5hZ6t.jpg
2013,é­š6,https://i.imgur.com/4fYi4an.jpg
2014,é­š9,https://i.imgur.com/cLAIfDk.jpg
2015,é­š7,https://i.imgur.com/dAGfWgW.jpg
2016,é­š8,https://i.imgur.com/JKQzZhS.jpg
2018,å¤©1,https://i.imgur.com/gSI7sUW.jpg
2023,è“‰1,https://i.imgur.com/JgI6zpx.jpg
2024,é­š10,https://i.imgur.com/O6mSluK.jpg
2030,@QIAOâ¤ ,https://i.imgur.com/OW8zz85.jpg
2034,@è³€ ,HTTPS://I.IMGUR.COM/GTSYXXM.JPG,gtsyXxM,GTSYXXm
2042,@é»ƒç¬¨ç¬¨ğŸ€è‰¾çµ²æ·‡ğŸ’• ,https://i.imgur.com/HYJzDFD.jpg
2043,@é´¨é´¨ ,https://i.imgur.com/74s3p2U.jpg
2046,MFFæ™‚ç¨‹,HTTP://WWW.FINALFANTASY.JP/MOBIUS/INFORMATION/MAILNEWS/MFF_CALENDER.HTML,HTTP://WWW.FINALFANTASY.JP/MOBIUS/INFORMATION/MAILNEWS/MFF_CALENDER.HTML
2052,ä¸èƒ½ç©,éŠæˆ²é€£ç·šéœ€è¦VPNé€£ç·šè‡³æ—¥æœ¬ã€‚ä»¥ä¸‹ç‚ºVPNæ¨è–¦æ¸…å–®ï¼Œæ ¹æ“šä½¿ç”¨è€…æ‰€ä½¿ç”¨çš„å¹³å°åˆ†é¡:\n    ANDROID/IOS: OPENVPNã€SOLOVPNã€HOLAVPNã€HTTPS://GOO.GL/DN4NFLã€GOOGLE.COM/SEARCH?Q=JAPAN+VPN+LIST\n    é›»è…¦æ¨¡æ“¬å™¨: SOFTETHERVPN\nå¦å¤–ï¼Œæ¨¡æ“¬å™¨ç›®å‰å·²çŸ¥:\n    å¯ç”¨: MUMUã€NOX(V6.0.1.0)ã€BLUESTACKS(CLIENT V3.52.66.1905ã€ENGINE V2.52.66.8704)\n    å¯èƒ½ä¸å¯ç”¨: NOX(å¤œç¥)ã€BLUESTACKS\n\nNOXã€BSå¯ç”¨æ¨¡æ“¬å™¨ç‰ˆæœ¬ç”± @HONG æä¾›\n(2017/12/11)æ›´æ–°,https://goo.gl/dn4NFL,https://goo.gl/dN4nFL,https://goo.gl/dn4nfL,https://goo.gl/DN4nfL,https://goo.gl/Dn4Nfl
2068,è…³æœ¬,NOX: \n    HTTPS://SITES.GOOGLE.COM/VIEW/MFF-SCRIPT/INDEX\n\n    ç”± æ˜±å…¶ è£½ä½œã€ç¶­è­·\n\nSTEAM:\n    HTTPS://SITES.GOOGLE.COM/VIEW/MFF-STEAM/HOME\n\n    ç”± æ°´æ¯ è£½ä½œã€ç¶­è­·,HTTPS://SITES.GOOGLE.COM/VIEW/MFF-SCRIPT/INDE,HTTPS://SITES.GOOGLE.COM/VIEW/MFF-STEAM/HOME
2073,@â›µè³œæˆ‘å¤¢å¢ƒâ›µ æ„›,https://i.imgur.com/P2du0PR.jpg
2076,é€²åŒ–ç´ æ,é€²åŒ–ç´ æ (2017/11/12)\nç¾æ™‚ä¸»è¦é€éä¸‹åˆ—æ–¹æ³•å…¥æ‰‹:\n1. åˆ·é»‘éµå®®BOSSå†åˆ°äº¤æ›æ‰€æ›\n2. åˆ·å¤§å¤§å¤§å¤§å¤§é‡ç”Ÿæ€ª, å»ºè­°åœ°åœ–è«‹åƒè€ƒåœ–ç‰‡(ä»¥åœ–ç‰‡ç¶²å€å½¢å¼æä¾›):\n    2-1. https://i.imgur.com/FXm3dNg.jpg\n    2-2. https://i.imgur.com/VkcZm9O.jpg\n3. åˆ·ç§˜è—¥ä¹‹æ£®, ç´„3å ´è¦‹ä¸€æ¬¡ç´…å­—æ‰è½, å¯åƒè€ƒ:\n    HTTPS://WWW.YOUTUBE.COM/WATCH?V=KNJ0JHDXVYU (YOUTUBE)\n4. åªç¼ºå¤§å½©è—¥çš„ å»åˆ·å¤§èœ˜è›› å¯åƒè€ƒ:\nHTTPS://WWW.YOUTUBE.COM/WATCH?V=F-XJ_9DVGQI (YOUTUBE),HTTPS://WWW.YOUTUBE.COM/WATCH?V=KNJ0JHDXVY,HTTPS://WWW.YOUTUBE.COM/WATCH?V=F-XJ_9DVGQI
2082,åƒ1,https://i.imgur.com/hhBZDQ9.jpg
2083,é­š11,https://i.imgur.com/1bSE9uj.jpg
2084,è±¬11,https://i.imgur.com/9UaPHig.jpg
2085,æ‰˜1,https://i.imgur.com/4VaqEVi.jpg
2086,æµ©1,HTTPS://I.IMGUR.COM/FB9QLU9.JPG,FB9qlU9,Fb9qLU9,FB9qLu9
2087,æµ©2,https://i.imgur.com/UZzFsdQ.jpg
2088,æµ©3,https://i.imgur.com/xV3myUy.jpg
2089,æµ©4,https://i.imgur.com/4Y0WJF0.jpg
2090,æµ©5,https://i.imgur.com/fBGxyaR.jpg
2091,æµ©6,https://i.imgur.com/CXIhsD8.jpg
2092,æµ©7,https://i.imgur.com/Th0AdGD.jpg
2093,æµ©8,https://i.imgur.com/9SCgNXu.jpg
2094,æµ©9,https://i.imgur.com/UXvzJvJ.jpg
2095,æµ©10,https://i.imgur.com/cYPU4xM.jpg
2096,æµ©11,https://i.imgur.com/CD79y6H.jpg
2097,æµ©12,https://i.imgur.com/M28svW1.jpg
2098,æµ©13,https://i.imgur.com/K0w7odm.jpg
2099,æµ©14,https://i.imgur.com/u3bGJFV.jpg
2100,æµ©15,https://i.imgur.com/dE99W40.jpg
2106,åƒè³½è³‡è¨Š,https://i.imgur.com/MBFsU8S.jpg
2110,è“‰2,https://i.imgur.com/lajomZN.jpg
2111,è“‰3,https://i.imgur.com/ndf8FYH.jpg
2114,9373FD4211A1EE954F8AB9CA00E969290BEAADF2B86FAD7E151DEB78,HTTPS://I.IMGUR.COM/4NCCALD.JP,4nCCALd.JP,4NCCald.JP,4nccaLd.jP,4NcCALD.jp,4nCcald.Jp,4nCcaLD.Jp,4nCcald.jp,4nCcAld.Jp,4NccalD.Jp,4nCcAlD.JP,4nCCAld.jp,4nCCALd.jp,4nccald.jp,4nCCALd.Jp,4ncCald.jp,4NccaLD.JP,4NcCAld.Jp,4NCcALD.jP,4nccaLD.jP,4NcCAld.JP,4NcCAlD.jp,4NccalD.jP,4nCcaLd.Jp,4nCcalD.jP,4NcCaLd.JP,4NcCaLD.jP,4NCcALD.jp,4NCcalD.jP,4nccald.Jp,4NcCALd.jp,4NCCAlD.Jp,4NcCald.Jp,4ncCAld.JP,4NccAlD.JP,4nccALd.jp,4NCcalD.Jp,4nCCald.JP,4ncCAlD.JP,4NCCALd.Jp,4ncCaLd.jp,4NCCaLD.JP,4NcCALD.Jp,4NcCaLd.jp,4NccaLd.JP,4nCCAld.JP,4NCCAld.JP,4ncCALD.JP,4nCCaLd.jP,4NCCALD.jp,4nccAld.jP,4NCcaLD.Jp,4NcCALd.Jp,4NCcAld.Jp,4ncCaLd.Jp,4nCcald.JP,4nccald.JP,4nccALd.JP,4NccAld.JP,4nccAld.jp,4NccaLD.jp,4nCCaLd.Jp,4nCcALD.jp,4NccAlD.Jp,4NCcAld.JP,4NccALd.jP,4NCCAlD.jp,4NCCALd.jP,4Nccald.jp,4NcCald.jP,4nCcALD.JP,4NCCALD.Jp,4NCCalD.jP,4NCcald.jP,4NcCAlD.JP,4NCcAlD.jP,4Nccald.jP,4nCcALd.Jp,4nccAlD.Jp,4nCCaLD.JP,4nCcAld.jp,4ncCAld.Jp,4NCcALd.jP,4NcCAld.jp,4nCCald.jp,4nccaLd.Jp,4nccald.jP,4nCCAld.Jp,4nCCALD.Jp,4nCCaLd.JP,4NCcalD.JP,4nCCaLD.jP,4nCCald.Jp,4ncCaLD.jP,4NcCaLd.Jp,4nccaLD.jp,4NCCAlD.jP,4nccalD.JP,4NccaLd.jp,4ncCALD.jP,4NcCaLd.jP,4nCCalD.jP,4nccALD.jp,4nccalD.jP,4NccaLd.Jp,4NCcald.Jp,4NCCALD.JP,4ncCALd.jp,4NCcaLD.JP,4nCCaLD.Jp,4ncCALD.Jp,4ncCald.Jp,4nCCALD.JP,4NCCaLD.jp,4ncCaLD.Jp,4nCCalD.jp,4NcCald.JP,4Nccald.JP,4NCCALd.jp,4NccAld.Jp,4nCcald.jP,4ncCaLD.jp,4nCCAlD.jP,4NCcalD.jp,4ncCALD.jp,4ncCAlD.jP,4NcCalD.jp,4nCcaLd.JP,4ncCalD.JP,4NcCaLD.JP,4NCcald.jp,4nccALD.JP,4nCCald.jP,4NccaLD.jP,4nCcaLD.jP,4nCCalD.JP,4ncCAlD.jp,4nCcaLD.JP,4NccaLd.jP,4NcCALD.JP,4nCCAld.jP,4NccALD.Jp,4NCCaLD.jP,4nCcALd.jp,4NCCAlD.JP,4ncCald.jP,4NCCAld.Jp,4nCCAlD.JP,4ncCalD.jP,4NccAlD.jP,4ncCALd.JP,4NCcaLD.jP,4ncCaLD.JP,4NccalD.JP,4NCCaLd.jp,4NccALD.jp,4NCcAlD.jp,4nccALD.jP,4NCcAlD.Jp,4NCCALd.JP,4NCCalD.Jp,4NcCALd.jP,4nCcALd.JP,4NccALD.jP,4ncCALd.jP,4ncCaLd.jP,4nCcaLd.jP,4NCcaLd.jp,4NccALD.JP,4nccALd.jP,4nCCALD.jp,4nCcAlD.Jp,4NcCaLD.jp,4nCCAlD.jp,4NcCAld.jP,4NCcaLD.jp,4NccAlD.jp,4NCcaLd.jP,4NcCald.jp,4NcCALd.JP,4ncCAld.jp,4nCcaLd.jp,4nCcALD.Jp,4NCCald.jp,4ncCALd.Jp,4ncCalD.jp,4nCcAlD.jP,4nccalD.jp,4nCcalD.Jp,4NccaLD.Jp,4nCcAld.jP,4NcCAlD.jP,4nccAlD.JP,4NCCaLd.Jp,4NcCalD.jP,4NCcAld.jp,4NCCalD.jp,4nccAlD.jp,4nCCAlD.Jp,4NcCalD.JP,4nCCaLd.jp,4nCcalD.jp,4NcCaLD.Jp,4ncCalD.Jp,4ncCald.JP,4nccalD.Jp,4nCcalD.JP,4nCCaLD.jp,4nccAld.Jp,4NCcALd.jp,4nccaLD.Jp,4NcCALD.jP,4nCcaLD.jp,4Nccald.Jp,4NccALd.jp,4NCCald.Jp,4NCcALd.Jp,4nCcALD.jP,4ncCAld.jP,4NCCaLd.JP,4nccaLd.JP,4ncCaLd.JP,4NccALd.Jp,4NCCald.jP,4nCCALD.jP,4NCCaLD.Jp,4nCCalD.Jp,4NCcALD.JP,4nccALd.Jp,4NCCALD.jP,4NCCAld.jP,4nccALD.Jp,4NccAld.jP,4NCcAlD.JP,4NcCalD.Jp,4nCcALd.jP,4nCcAlD.jp,4NCCaLd.jP,4NccalD.jp,4nccaLd.jp,4NCcaLd.JP,4nccAlD.jP,4NCcald.JP,4nccAld.JP,4NcCAlD.Jp,4nCcAld.JP,4NCcALD.Jp,4NCCalD.JP,4NCcALd.JP,4nccaLD.JP,4NccALd.JP,4nCCALd.jP,4NCcaLd.Jp,4ncCAlD.Jp,4NCCAld.jp,4NccAld.jp,4NCcAld.jP
2117,å¦‚ä½•æŠŠå¦¹,https://i.imgur.com/EMm71oq.jpg
2118,å¦‚ä½•ä¸ŠåºŠ,https://i.imgur.com/sqMJf6v.jpg
2119,æ²’å¥³å‹,https://i.imgur.com/ZRJSvoT.jpg
2121,éœ¸é«”,https://i.imgur.com/CkXToan.jpg
2122,å¿«é€Ÿåˆ·é¦–æŠ½,https://forum.gamer.com.tw/C.php?bsn=33094&snA=102&tnum=2
2131,æ®µæ•¸,HTTPS://ALTEMA.JP/FFMOBIUS/TADANMATOME-29055,HTTPS://ALTEMA.JP/FFMOBIUS/TADANMATOME-29055
2132,æ®µæ•¸,HTTPS://ALTEMA.JP/FFMOBIUS/TADANMATOME-29055,HTTPS://ALTEMA.JP/FFMOBIUS/TADANMATOME-29055
2133,è‡ªå®šç¾©,HTTPS://M.GAMER.COM.TW/FORUM/TREASURE.PHP?BSN=27631&SN=256&ISA=1,HTTPS://M.GAMER.COM.TW/FORUM/TREASURE.PHP?BSN=27631&SN=256&ISA=1
2134,è‡ªå®šç¾©,HTTPS://M.GAMER.COM.TW/FORUM/TREASURE.PHP?BSN=27631&SN=256&ISA=1,HTTPS://M.GAMER.COM.TW/FORUM/TREASURE.PHP?BSN=27631&SN=256&ISA=1
2135,å¿…æ®ºæŠ€é‡,HTTPS://ALTEMA.JP/FFMOBIUS/HIXTUSATUKUIXTUKU-29255,HTTPS://ALTEMA.JP/FFMOBIUS/HIXTUSATUKUIXTUKU-29255
2136,å¢å‹•,HTTPS://ALTEMA.JP/FFMOBIUS/HIXTUSATUKUIXTUKU-29255,HTTPS://ALTEMA.JP/FFMOBIUS/HIXTUSATUKUIXTUKU-29255
2144,@å©·å©· ,https://i.imgur.com/EEkuhsY.jpg
2145,@ADA CHEN ,https://i.imgur.com/w5WM3qO.jpg
2146,@JILL LEE ,https://i.imgur.com/YVhuhPh.jpg
2164,@â¦è‡³ç§¦æ–¤æ¬ â¦ ,https://i.imgur.com/0lKBsM9.jpg
2167,@â¦è‡³ç§¦ æ–¤æ¬ â¦ ,https://i.imgur.com/aYx1HbQ.jpg
2173,é­š12,https://i.imgur.com/fuQ4gxU.jpg
2193,å“­,https://i.imgur.com/DGhfEXf.jpg
2194,æŠ½,https://i.imgur.com/r4D0V40.jpg
2195,5112152551479715F3EA0696C3C0309D2D258FE3F21273F64407F274,ä½ æ˜æ˜å°±å¥³å¬¸
2196,å“­,https://i.imgur.com/removed.png
2197,æ,https://i.imgur.com/removed.png
2198,æ,https://i.imgur.com/removed.png
2209,å…«å˜å›§,https://i.imgur.com/wtKtX76.jpg
2210,UNICODEè½‰æ›,HTTPS://REPL.IT/REPLS/LIMITEDVISIBLEQUEENSLANDGROUPER,HTTPS://REPL.IT/REPLS/LIMITEDVISIBLEQUEENSLANDGROUPER
2211,éŸ‹1,https://i.imgur.com/1ZvxBLr.jpg
2212,è“‰4,https://i.imgur.com/ZxRW8CC.jpg
2213,é­š13,https://i.imgur.com/O1EefZD.jpg
2214,K1,https://i.imgur.com/O9ohhoJ.jpg
2215,å»1,https://i.imgur.com/rcPwo0z.jpg
2216,è¶1,HTTPS://I.IMGUR.COM/NKQAJRT.JPG,NkQAjrt,nKQaJRT
2217,é¦™1,HTTPS://I.IMGUR.COM/KMIKKYU.JPG,kMikKYU,KmIkKyu
2218,A1,https://i.imgur.com/VKffmGk.jpg
2219,å¦®1,https://i.imgur.com/DtBwV5M.jpg
2220,ç§‰1,https://i.imgur.com/a5mQaLE.jpg
2221,å‚»1,https://i.imgur.com/3H827Ii.jpg
2223,ä¸‹è¼‰,HTTPS://DRIVE.GOOGLE.COM/OPEN?ID=1SQJLK-MK51ZYUDQX0WX2SWXWZFHPNSEZ (V1.0.3),HTTPS://DRIVE.GOOGLE.COM/OPEN?ID=1SQJLK-MK51ZYUDQX0WX2SWXWZFHPNSEZ
2224,å¼•ç¹¼,è¨­å®šæ•™å­¸: https://forum.gamer.com.tw/C.php?bsn=33094&snA=145&tnum=1\n\nå¼•å…¥åŠŸèƒ½å·²é–‹æ”¾ã€‚
2225,æ­£,https://i.imgur.com/8RCi2Ux.jpg
2226,æ­£,https://i.imgur.com/8RCi2Ux.jpg
2233,@AMY WU ,https://i.imgur.com/pYtVvga.jpg
2237,@èº²åœ¨è§’è½ã€Œå¼µã€çš„å°æ¶µ ,https://i.imgur.com/NGcTUlF.jpg
2245,VS,https://i.imgur.com/VpuBGVg.jpg
2250,@å¦¤ğŸŸ ,https://i.imgur.com/UEmAnT2.jpg
2255,@æ—æª¸æª¬ğŸ‹ ,https://i.imgur.com/vgYCUg1.jpg
2258,æ€ª1,https://i.imgur.com/FZ2zP96.jpg
2260,é¦–æŠ½,https://i.imgur.com/aas1qzh.jpg
2261,é¦–æŠ½,https://i.imgur.com/aas1qzh.jpg
2264,ä¸‹è¼‰,HTTPS://DRIVE.GOOGLE.COM/OPEN?ID=1SQJLK-MK51ZYUDQX0WX2SWXWZFHPNSEZ,HTTPS://DRIVE.GOOGLE.COM/OPEN?ID=1SQJLK-MK51ZYUDQX0WX2SWXWZFHPNSEZ
2272,é—œèµ·ä¾†,https://i.imgur.com/Jw978aU.jpg
2274,@ğŸŒ¸æ›¦ğŸŒ¼ğŸ„ğŸ¼ğŸµ,https://i.imgur.com/Ye4tPLf.jpg
2283,@HEAD RELAXED,https://i.imgur.com/PrMdF9O.jpg
2284,@ğŸŒ¸æ›¦ğŸŒ¼ğŸ„ğŸ¼ğŸµ,https://i.imgur.com/Ye4tPLf.jpg
2285,@å¡ç¨±à·†âƒ›Í™,https://i.imgur.com/UP61llZ.jpg
2311,åƒæ°´æ¯,https://i.imgur.com/vdMPNf7.jpg
2323,@DORAğŸ’‹,https://i.imgur.com/sFxA45P.jpg
2331,87,https://i.imgur.com/xMPEhgK.jpg
2340,çœçœ¼èªªçè©±,https://i.imgur.com/N7yq5o0.jpg
2346,GP,https://i.imgur.com/ByVan7B.jpg
2355,æ­¡è¿,https://i.imgur.com/8EWW7Qq.jpg
2365,KENæŠŠå¦¹,https://i.imgur.com/nId0TEW.jpg
2366,å‚²å¬Œé›²,https://i.imgur.com/cyjQkKw.jpg
2369,@è•­ç…’éœ–,HTTPS://I.IMGUR.COM/GXPIIFH.JPG,GxpiiFH,GXpiiFH
2370,@CLEAN WU,https://i.imgur.com/VNGsfNl.jpg
2371,@ğŸ‡¹ğŸ‡¼HEAD.APPY NEW YEAR,https://i.imgur.com/f4oX2ER.jpg
2374,@èº²åœ¨è§’è½ã€Œå¼µã€çš„å°æ¶µ,https://i.imgur.com/coJmyWC.jpg
2375,@é¦™è‡è±¬  å›åœ– HTTPS://I.IMGUR.COM/NNV2YU9.JPG,é¦™è‡è±¬è¡¨ç¤ºï¼šæˆ‘å°±æ˜¯æœ€åµçš„ï¼Œæˆ‘åµæˆ‘é©•å‚²,nnv2Yu9,é¦™è‡è±¬è¡¨ç¤ºï¼šæˆ‘å°±æ˜¯æœ€åµçš„ï¼Œæˆ‘åµæˆ‘é©•å‚²,Nnv2Yu9,é¦™è‡è±¬è¡¨ç¤ºï¼šæˆ‘å°±æ˜¯æœ€åµçš„ï¼Œæˆ‘åµæˆ‘é©•å‚²,nnV2Yu9,é¦™è‡è±¬è¡¨ç¤ºï¼šæˆ‘å°±æ˜¯æœ€åµçš„ï¼Œæˆ‘åµæˆ‘é©•å‚²,nNv2yu9,é¦™è‡è±¬è¡¨ç¤ºï¼šæˆ‘å°±æ˜¯æœ€åµçš„ï¼Œæˆ‘åµæˆ‘é©•å‚²,NNv2Yu9,é¦™è‡è±¬è¡¨ç¤ºï¼šæˆ‘å°±æ˜¯æœ€åµçš„ï¼Œæˆ‘åµæˆ‘é©•å‚²,nNV2yU9,é¦™è‡è±¬è¡¨ç¤ºï¼šæˆ‘å°±æ˜¯æœ€åµçš„ï¼Œæˆ‘åµæˆ‘é©•å‚²,nNV2yu9,é¦™è‡è±¬è¡¨ç¤ºï¼šæˆ‘å°±æ˜¯æœ€åµçš„ï¼Œæˆ‘åµæˆ‘é©•å‚²,nnV2yu9,é¦™è‡è±¬è¡¨ç¤ºï¼šæˆ‘å°±æ˜¯æœ€åµçš„ï¼Œæˆ‘åµæˆ‘é©•å‚²,NnV2YU9,é¦™è‡è±¬è¡¨ç¤ºï¼šæˆ‘å°±æ˜¯æœ€åµçš„ï¼Œæˆ‘åµæˆ‘é©•å‚²,nnv2YU9,é¦™è‡è±¬è¡¨ç¤ºï¼šæˆ‘å°±æ˜¯æœ€åµçš„ï¼Œæˆ‘åµæˆ‘é©•å‚²,NNV2yU9,é¦™è‡è±¬è¡¨ç¤ºï¼šæˆ‘å°±æ˜¯æœ€åµçš„ï¼Œæˆ‘åµæˆ‘é©•å‚²,nNv2YU9,é¦™è‡è±¬è¡¨ç¤ºï¼šæˆ‘å°±æ˜¯æœ€åµçš„ï¼Œæˆ‘åµæˆ‘é©•å‚²,NNv2yU9,é¦™è‡è±¬è¡¨ç¤ºï¼šæˆ‘å°±æ˜¯æœ€åµçš„ï¼Œæˆ‘åµæˆ‘é©•å‚²,NNV2yu9,é¦™è‡è±¬è¡¨ç¤ºï¼šæˆ‘å°±æ˜¯æœ€åµçš„ï¼Œæˆ‘åµæˆ‘é©•å‚²,NnV2yu9,é¦™è‡è±¬è¡¨ç¤ºï¼šæˆ‘å°±æ˜¯æœ€åµçš„ï¼Œæˆ‘åµæˆ‘é©•å‚²,nNv2Yu9,é¦™è‡è±¬è¡¨ç¤ºï¼šæˆ‘å°±æ˜¯æœ€åµçš„ï¼Œæˆ‘åµæˆ‘é©•å‚²,NNV2YU9,é¦™è‡è±¬è¡¨ç¤ºï¼šæˆ‘å°±æ˜¯æœ€åµçš„ï¼Œæˆ‘åµæˆ‘é©•å‚²,NNv2YU9,é¦™è‡è±¬è¡¨ç¤ºï¼šæˆ‘å°±æ˜¯æœ€åµçš„ï¼Œæˆ‘åµæˆ‘é©•å‚²,nNV2Yu9,é¦™è‡è±¬è¡¨ç¤ºï¼šæˆ‘å°±æ˜¯æœ€åµçš„ï¼Œæˆ‘åµæˆ‘é©•å‚²,Nnv2yu9,é¦™è‡è±¬è¡¨ç¤ºï¼šæˆ‘å°±æ˜¯æœ€åµçš„ï¼Œæˆ‘åµæˆ‘é©•å‚²,nnv2yu9,é¦™è‡è±¬è¡¨ç¤ºï¼šæˆ‘å°±æ˜¯æœ€åµçš„ï¼Œæˆ‘åµæˆ‘é©•å‚²,NNv2yu9,é¦™è‡è±¬è¡¨ç¤ºï¼šæˆ‘å°±æ˜¯æœ€åµçš„ï¼Œæˆ‘åµæˆ‘é©•å‚²,NNV2Yu9,é¦™è‡è±¬è¡¨ç¤ºï¼šæˆ‘å°±æ˜¯æœ€åµçš„ï¼Œæˆ‘åµæˆ‘é©•å‚²,NnV2Yu9,é¦™è‡è±¬è¡¨ç¤ºï¼šæˆ‘å°±æ˜¯æœ€åµçš„ï¼Œæˆ‘åµæˆ‘é©•å‚²,Nnv2YU9,é¦™è‡è±¬è¡¨ç¤ºï¼šæˆ‘å°±æ˜¯æœ€åµçš„ï¼Œæˆ‘åµæˆ‘é©•å‚²,nnV2YU9,é¦™è‡è±¬è¡¨ç¤ºï¼šæˆ‘å°±æ˜¯æœ€åµçš„ï¼Œæˆ‘åµæˆ‘é©•å‚²,nNv2yU9,é¦™è‡è±¬è¡¨ç¤ºï¼šæˆ‘å°±æ˜¯æœ€åµçš„ï¼Œæˆ‘åµæˆ‘é©•å‚²,nnV2yU9,é¦™è‡è±¬è¡¨ç¤ºï¼šæˆ‘å°±æ˜¯æœ€åµçš„ï¼Œæˆ‘åµæˆ‘é©•å‚²,nNV2YU9,é¦™è‡è±¬è¡¨ç¤ºï¼šæˆ‘å°±æ˜¯æœ€åµçš„ï¼Œæˆ‘åµæˆ‘é©•å‚²,Nnv2yU9,é¦™è‡è±¬è¡¨ç¤ºï¼šæˆ‘å°±æ˜¯æœ€åµçš„ï¼Œæˆ‘åµæˆ‘é©•å‚²,nnv2yU9,é¦™è‡è±¬è¡¨ç¤ºï¼šæˆ‘å°±æ˜¯æœ€åµçš„ï¼Œæˆ‘åµæˆ‘é©•å‚²,NnV2yU9,é¦™è‡è±¬è¡¨ç¤ºï¼šæˆ‘å°±æ˜¯æœ€åµçš„ï¼Œæˆ‘åµæˆ‘é©•å‚²
2376,@KATHYğŸ€é›¶è²“å¯¶å¯¶,HTTPS://I.IMGUR.COM/CG06MPX.JPG,CG06mPX,CG06MPX
2377,@ç²é›…,https://i.imgur.com/MsDhlzZ.jpg
2378,@é¦™è‡è±¬  å›åœ– https://i.imgur.com/NNV2Yu9.jpg\n,é¦™è‡è±¬è¡¨ç¤ºï¼šæˆ‘å°±æ˜¯æœ€åµçš„ï¼Œæˆ‘åµæˆ‘é©•å‚²
2380,@é¦™è‡è±¬  å›åœ– https://i.imgur.com/NNV2Yu9.jpg é™„åŠ ,é¦™è‡è±¬è¡¨ç¤ºï¼šæˆ‘å°±æ˜¯æœ€åµçš„ï¼Œæˆ‘åµæˆ‘é©•å‚²
2381,@é¦™è‡è±¬  é™„åŠ ,https://i.imgur.com/NNV2Yu9.jpg  é¦™è‡è±¬è¡¨ç¤ºï¼šæˆ‘å°±æ˜¯æœ€åµçš„ï¼Œæˆ‘åµæˆ‘é©•å‚²
2383,@é¦™è‡è±¬  å›åœ–é™„åŠ ,https://i.imgur.com/NNV2Yu9.jpg  \né¦™è‡è±¬è¡¨ç¤ºï¼šæˆ‘å°±æ˜¯æœ€åµçš„ï¼Œæˆ‘åµæˆ‘é©•å‚²
2384,@é¦™è‡è±¬  å›åœ– https://i.imgur.com/NNV2Yu9.jpg  \n,é¦™è‡è±¬è¡¨ç¤ºï¼šæˆ‘å°±æ˜¯æœ€åµçš„ï¼Œæˆ‘åµæˆ‘é©•å‚²
2385,@é¦™è‡è±¬  å›åœ– https://i.imgur.com/NNV2Yu9.jpg \n\né™„åŠ ,é¦™è‡è±¬è¡¨ç¤ºï¼šæˆ‘å°±æ˜¯æœ€åµçš„ï¼Œæˆ‘åµæˆ‘é©•å‚²
2387,@é¦™è‡è±¬ ,https://i.imgur.com/NNV2Yu9.jpg 
2389,@CLEAN WU ,https://i.imgur.com/VNGsfNl.jpg
2393,@ğŸ‡¹ğŸ‡¼HEAD.APPY NEW YEAR ,https://i.imgur.com/f4oX2ER.jpg
2401,@å°å†° ,https://i.imgur.com/XdFY6eY.jpg
2403,@ğŸŒ¸æ›¦ğŸŒ¼ğŸ„ğŸ¼ğŸµ ,https://i.imgur.com/Ye4tPLf.jpg
2404,@DORAğŸ’‹ ,https://i.imgur.com/sFxA45P.jpg
2405,@å¾ä»Šé–‹å§‹æˆ‘å«ã€Œå˜¿ã€æ¶µ ,https://i.imgur.com/coJmyWC.jpg
2413,@ç›ˆè‡» ,https://i.imgur.com/el3s4jK.jpg
2415,@ç›ˆè‡» ,https://i.imgur.com/AsnG9Ub.jpg
2418,@IRIS ,https://i.imgur.com/Fl1qM8n.jpg
2423,è“‰5,https://i.imgur.com/SzJmTtb.jpg
2424,è“‰6,https://i.imgur.com/Fmrzqag.jpg
2430,@æ€¡ç© ,https://i.imgur.com/ZZSA3ne.jpg
2434,è‘£1,https://i.imgur.com/dzNu0Pf.jpg
2439,çœçœ¼èªªçè©±,https://i.imgur.com/N7yq5o0.jpg
2443,@[æ­£å®—] HEAD BLAST AWAY,https://i.imgur.com/9XpRsl1.jpg
2445,è€å¸æ©Ÿ,https://i.imgur.com/24zvf2g.jpg
2446,å¤ªç”¨åŠ›,https://i.imgur.com/UlBhorZ.jpg
2447,æŠ½ä¸åˆ°,https://i.imgur.com/eCt7Lpt.jpg
2448,çˆ†äº†,https://i.imgur.com/eCt7Lpt.jpg
2449,çˆ†æ­»,https://i.imgur.com/eCt7Lpt.jpg
2454,@å¹³,https://i.imgur.com/FYf9PEk.jpg
2459,@à¼ºATIVANà¼» Î©ç¨˜Î© ,https://i.imgur.com/BCEGRuf.jpg
2460,@è±¹ç´‹å¥³ ,https://i.imgur.com/BYXVjJa.jpg
2462,@è›‹å§ ,https://i.imgur.com/zlPZLyf.jpg
2465,è‰è‰å¡,https://i.imgur.com/577KTXf.jpg
2467,GPæ˜¯ä»€éº¼,ç­”æ¡ˆï¼šHTTPS://ZHIDAO.BAIDU.COM/QUESTION/2202156410627964588.HTML?&MZL=QB_XG_2&MZL_JY=2&WORD=&HITRELATEOPTIMI=,HTTPS://ZHIDAO.BAIDU.COM/QUESTION/2202156410627964588.HTML?&MZL=QB_XG_2&MZL_JY=2&WORD=&HITRELATEOPTIMI=
2468,@JASONÂ® ,https://i.imgur.com/OZ7XzGi.jpg
2486,@å•Šè±ª ,https://i.imgur.com/QKjUJsR.jpg
2500,æ­¡è¿æ–°æœ‹å‹,https://i.imgur.com/LgI9iS5.jpg
2507,@å°å¼· ,https://i.imgur.com/HlEGnMr.jpg
2508,@å°å¼·,HTTPS://I.IMGUR.COM/ASJAASH.JPG,AsJaAsH,aSjaaSh
2514,@CCC ,https://i.imgur.com/snM5AUf.jpg
2520,@ç’‡ ì„ ğŸ’‹ ,https://i.imgur.com/iemeAYY.jpg
2524,@KATHYğŸ€é›¶è²“å¯¶å¯¶ ,HTTPS://I.IMGUR.COM/CG06MPX.JPG,CG06mPX,CG06MPX
2526,MDå»èƒŒæ™¯åœ–,HTTPS://SAOMD.IMGUR.COM (è«‹ä½¿ç”¨é›»è…¦é–‹å•Ÿï¼Œæ‰‹æ©Ÿé–‹å•Ÿè«‹ç”¨ç€è¦½å™¨ä¸¦å‹¾é¸é›»è…¦ç‰ˆç¶²å€ï¼Œå¦å‰‡è«‹ä¸‹è¼‰APP),HTTPS://SAOMD.IMGUR.COM
2539,@[æ­£å®—] HEAD BLAST AWAY ,https://i.imgur.com/vKnZEzD.jpg
2542,@RICO CHENğŸ‘£IN TAIPEI  ,https://i.imgur.com/OXSATpr.jpg
2543,@RICO CHENğŸ‘£IN TAIPEI  ,https://i.imgur.com/OXSATpr.jpg
2544,T@KATHYğŸ€ZEÂ®Oâ™¥ì œë¡œ  ,HTTPS://IMGUR.COM/DVXQZRP,HTTPS://IMGUR.COM/DVXQZRP
2546,@RICO CHENğŸ‘£IN TAIPEI ,https://i.imgur.com/OXSATpr.jpg
2552,@KATHYğŸ€ZEÂ®Oâ™¥ì œë¡œ  ,https://i.imgur.com/dvXQzrP.jpg
2553,@KATHYğŸ€ZEÂ®Oâ™¥ì œë¡œ ,https://i.imgur.com/dvXQzrP.jpg
2557,ç‹9,https://i.imgur.com/evWH5XR.jpg
2569,MDå…¬å‘Š,æ—¥æ–‡å…¬å‘Š\n HTTPS://API-DEFRAG.WRIGHTFLYER.NET/WEBVIEW/ANNOUNCEMENT?PHONE_TYPE=2  \n è‹±æ–‡å…¬å‘Š\n https://api-defrag-ap.wrightflyer.net/webview/announcement?phone_type=2&lang=en  \n ä¸­æ–‡å…¬å‘Š\n https://api-defrag-ap.wrightflyer.net/webview/announcement?phone_type=2&lang=tc  \n,HTTPS://API-DEFRAG.WRIGHTFLYER.NET/WEBVIEW/ANNOUNCEMENT?PHONE_TYPE=2
2570,MDå…¬å‘Š,æ—¥æ–‡å…¬å‘Š\n HTTPS://API-DEFRAG.WRIGHTFLYER.NET/WEBVIEW/ANNOUNCEMENT?PHONE_TYPE=2  \n è‹±æ–‡å…¬å‘Š\n https://api-defrag-ap.wrightflyer.net/webview/announcement?phone_type=2&lang=en  \n ä¸­æ–‡å…¬å‘Š\n https://api-defrag-ap.wrightflyer.net/webview/announcement?phone_type=2&lang=tc  \n,HTTPS://API-DEFRAG.WRIGHTFLYER.NET/WEBVIEW/ANNOUNCEMENT?PHONE_TYPE=2
2571,MDå…¬å‘Š,æ—¥æ–‡å…¬å‘Š\n HTTPS://API-DEFRAG.WRIGHTFLYER.NET/WEBVIEW/ANNOUNCEMENT?PHONE_TYPE=2  \n è‹±æ–‡å…¬å‘Š\n https://api-defrag-ap.wrightflyer.net/webview/announcement?phone_type=2&lang=en  \n ä¸­æ–‡å…¬å‘Š\n https://api-defrag-ap.wrightflyer.net/webview/announcement?phone_type=2&lang=tc  \n,HTTPS://API-DEFRAG.WRIGHTFLYER.NET/WEBVIEW/ANNOUNCEMENT?PHONE_TYPE=2
2572,MDå…¬å‘Š,æ—¥æ–‡å…¬å‘Š\n HTTPS://API-DEFRAG.WRIGHTFLYER.NET/WEBVIEW/ANNOUNCEMENT?PHONE_TYPE=2  \n è‹±æ–‡å…¬å‘Š\n https://api-defrag-ap.wrightflyer.net/webview/announcement?phone_type=2&lang=en  \n ä¸­æ–‡å…¬å‘Š\n https://api-defrag-ap.wrightflyer.net/webview/announcement?phone_type=2&lang=tc  \n,HTTPS://API-DEFRAG.WRIGHTFLYER.NET/WEBVIEW/ANNOUNCEMENT?PHONE_TYPE=2
2574,87,https://i.imgur.com/rNAuDgm.jpg
2575,87,https://i.imgur.com/rNAuDgm.jpg
2576,87,https://i.imgur.com/rNAuDgm.jpg
2577,87,https://i.imgur.com/rNAuDgm.jpg
2578,87,https://i.imgur.com/rNAuDgm.jpg
2579,87,https://i.imgur.com/rNAuDgm.jpg
2581,æ˜Ÿå§¬,https://i.imgur.com/nmVe22T.jpg
2590,@ä¾å¯¶å¯¶ ,https://i.imgur.com/shEQvfc.jpg
2592,@æ—» ,https://i.imgur.com/1NHD8zo.jpg
2596,@ç²é›… ,HTTPS://I.IMGUR.COM/MQWHA5G.JPG,Mqwha5g,MQwHA5G
2598,@[æ­£å®—] HEAD BLAST AWAY ,https://i.imgur.com/aRSA6v6.jpg
2601,@å›åˆ°è§’è½ã€Œå¼µã€çš„å°æ¶µ ,https://i.imgur.com/kMZQ4Ay.jpg
2617,87,https://i.imgur.com/rNAuDgm.jpg
2618,87,https://i.imgur.com/rNAuDgm.jpg
2619,87,https://i.imgur.com/rNAuDgm.jpg
2631,åƒè³½è³‡è¨Š,https://i.imgur.com/Sq8QJwn.jpg
2632,87,https://i.imgur.com/rNAuDgm.jpg
2639,@çº³å…¹,https://i.imgur.com/LdXNyze.jpg
2641,@é‚±éŸ¶ç‘‹,https://i.imgur.com/wmO3ZC9.jpg
2644,@å°å†°,https://i.imgur.com/XdFY6eY.jpg
2650,@è›™ğŸ¸ ,https://i.imgur.com/ucjlh89.jpg
2651,æ¯æ„›,https://i.imgur.com/QKpNkt5.jpg
2653,å’–æ³¢è±†è…,https://i.imgur.com/BTLKIY4.jpg
2656,KL,https://i.imgur.com/qlyqTwo.jpg
2660,@é‡‘é­šğŸ”± ,HTTPS://I.IMGUR.COM/XVP4HWT.JPG,XvP4hWt,Xvp4hwt
2667,å°ç‰ˆäº‹å‰,HTTP://BNENT.JP/IF_TPGS/ (ç¶²å€ä¾†æº: å¦ä¸€ç¾¤çš„ @å»–ä¿Šå‡±),HTTP://BNENT.JP/IF_TPGS/
2669,@G_X_Y,https://i.imgur.com/1fA4Qon.jpg
2671,@å¾é›¯é›¯  WENNY ,https://i.imgur.com/U20tegS.jpg
2677,@KELLY ,https://i.imgur.com/snM5AUf.jpg
2678,@ã„ã„§ã„¤å¦® ğŸ’ğŸ»â€â™€ï¸ ,HTTPS://I.IMGUR.COM/ES7HODB.JPG),ES7hodB),eS7HodB),eS7HOdB),eS7HOdb),Es7hOdb),es7hoDB),es7hodb),es7hodB),Es7hODB),es7HoDb),eS7hOdB),es7hODB),es7HodB),ES7HODB),Es7HodB),eS7Hodb),eS7HoDb),Es7hOdB),es7HOdb),ES7hODB),eS7hODB),es7hOdb),eS7HODB),Es7HOdb),eS7hodB),Es7HODB),Es7HoDb),eS7hodb),es7Hodb),es7HOdB),ES7hODb),es7hODb),ES7HOdB),ERROR - https://i.imgur.com/Es7hODb).jpg,es7HODB),Es7HODb),eS7HoDB),es7HoDB),ES7HodB),ES7hOdB),es7hOdB),ES7hoDb),eS7hOdb),ES7hoDB),eS7HODb),es7hoDb),ES7HOdb),es7HODb),ES7HoDB),eS7hODb),Es7HoDB),Es7hodb),Es7HOdB),ES7HODb),ES7hodb),ES7hOdb),Es7hoDb),eS7hoDb),eS7hoDB),Es7Hodb),ES7Hodb),ES7HoDb),Es7hodB),Es7hoDB)
2679,@ğŸŒ¹AMY ,HTTPS://I.IMGUR.COM/VL0KTIW.JPG),VL0KtiW),vL0KTiw),VL0Ktiw),vL0KtIW),Vl0KTiw),Vl0kTIW),vL0kTIw),vL0ktiW),Vl0ktiw),vL0kTiw),vL0ktiw),Vl0Ktiw),VL0kTiW),vl0KTiW),VL0kTIW),VL0kTIw),VL0ktIW),vL0KTIw),vl0KtIw),vL0KTIW),vL0KtiW),vl0KtiW),VL0ktiw),vL0kTIW),vL0kTiW),VL0kTiw),vl0kTIw),vl0ktIW),vl0kTiw),VL0KTiw),Vl0KtIw),Vl0kTiw),Vl0ktIW),vl0ktiw),vL0ktIW),VL0KTiW),VL0KTIw),vl0kTIW),vl0KTIW),Vl0KtiW),vL0KTiW),Vl0KTiW),Vl0KTIW),vL0Ktiw),vl0KTIw),VL0KtIW),VL0KTIW),VL0KtIw),vl0Ktiw),vl0kTiW),Vl0ktiW),vl0KtIW),VL0ktIw),vl0ktiW),Vl0kTIw),Vl0KTIw),VL0ktiW),Vl0kTiW),vl0KTiw),Vl0ktIw),vL0KtIw),vL0ktIw),vl0ktIw),Vl0KtIW)
2680,è™±1,https://i.imgur.com/sHblF4u.jpg
2681,@CONCORDIA CELESTIA ,https://i.imgur.com/uVeHtRz.jpg
2682,æ°´æ¯å¡,HTTPS://I.IMGUR.COM/FYCLA2D.JPG,fyClA2d,fycla2D
2683,æ°´æ¯å¡,HTTPS://I.IMGUR.COM/FYCLA2D.JPG,fyClA2d,fycla2D
2688,@ğŸ’•TIFFANYğŸ’•æ¸›äº†14%é«”è„‚ğŸŒ¸ ,https://i.imgur.com/uWakFKg.jpg
2689,@EASON ,https://i.imgur.com/GJTRmqF.jpg
2690,@EASON,https://i.imgur.com/GJTRmqF.jpg
2691,@å¾é›¯é›¯  WENNY,https://i.imgur.com/U20tegS.jpg
2693,é–‹è»Š,https://i.imgur.com/CuCaT4D.jpg
2694,é–‹è»Š,https://i.imgur.com/CuCaT4D.jpg
2717,@JULIA KUMICKYğŸ€çŠ€ç‰›è€å¤§ğŸ€ ,https://i.imgur.com/sUuPlwg.jpg
2718,æŠ½,https://i.imgur.com/4ojrHl8.jpg
2719,ç‰›1,https://i.imgur.com/GeW7tVc.jpg
2722,ç‰›2,HTTPS://I.IMGUR.COM/EY57QTL.JPG,ey57qTl,ey57qtL
2734,é›¨ä¼¶å°±å¥½äº†,https://i.imgur.com/jK61tPU.jpg
2756,éœ¸é«”å°±å¯ä»¥äº†,https://i.imgur.com/jK61tPU.jpg
2759,@SEANNA è‚–å¨œ,https://i.imgur.com/WIg5PgH.jpg
2767,@é™³æ€¡ç© ,https://i.imgur.com/gcIv1fH.jpg
2770,@é¬¼å¤ª ,https://i.imgur.com/kf3PFeE.jpg
2771,@é‡‘é­šâšœï¸ ,https://i.imgur.com/fek91T8.jpg
2773,@é¦™è‡è±¬ ,https://i.imgur.com/cOzhK6S.jpg
2774,@ä¼Šå‚‘ ,https://i.imgur.com/cOzhK6S.jpg
2775,@è€å³ ,https://i.imgur.com/cOzhK6S.jpg
2776,@â˜˜ï¸ã„“ã„¨ã„šã€ç¨˜â˜˜ï¸ ,https://i.imgur.com/cOzhK6S.jpg
2777,@â¤ï¸å°é›…â¤ï¸ ,https://i.imgur.com/cOzhK6S.jpg
2778,@â¦è‡³ç§¦ æ–¤æ¬ â¦ ,https://i.imgur.com/cOzhK6S.jpg
2800,èœ10,https://i.imgur.com/2NYhRI4.jpg
2801,èœ7,https://i.imgur.com/k0dZITA.jpg
2808,@ç‹æ–‡é´» ,https://i.imgur.com/zdajizl.jpg
2810,@å”èˆˆä¸­å¤æ©Ÿæ¢°â­•ï¸å„è¡Œæ¥­â­•ï¸è¨­å‚™è²·è³£ ,https://i.imgur.com/wy5t6Or.jpg
2813,@æ—è‚²æˆ ,https://i.imgur.com/5YHi5tp.jpg
2815,@MING TAO ,https://i.imgur.com/l6ochXw.jpg
2816,@æ—å°ä»• ,https://i.imgur.com/Is8TyG2.jpg
2817,@æ´ªå­ç¿” ,https://i.imgur.com/F0T2KVH.jpg
2818,@é˜¿å• ,HTTPS://I.IMGUR.COM/APFE4YR.JPG,APFe4Yr,Apfe4YR,ApfE4yR
2821,@ğŸ€é­”é¬¼ä¸­çš„å¤©ä½¿ğŸ€ ,https://i.imgur.com/ZxBc4eK.jpg
2826,å¯¶å¯¶å…’ç«¥é¤,https://i.imgur.com/pJoBLxP.jpg
2828,å°æ„›çˆ½,https://i.imgur.com/SjtXBKL.jpg
2829,@ç’‡ ğŸ’‹ ,https://i.imgur.com/iemeAYY.jpg
2830,å‚²å¬Œ(CLOUD),https://i.imgur.com/cyjQkKw.jpg
2831,å°æ„›çˆ½,https://i.imgur.com/SjtXBKL.jpg
2833,å°æ„›ä¸çˆ½,https://i.imgur.com/34LTpy9.jpg
2835,å±¬æ€§,STRï¼š\nè£å‚™é™åˆ¶æ‰€æŒé‡é‡ä¸Šå‡\nè¿‘æˆ°æ”»æ“ŠåŠ›ä¸Šå‡\néƒ¨åˆ†è£å‚™éœ€æ±‚\nVITï¼š\næœ€å¤§çš„HPä¸Šå‡\nå‚·å®³è¼•æ¸›ç‡ä¸Šå‡\nINTï¼š\néƒ¨åˆ†æŠ€èƒ½ã€é“å…·æ•ˆæœä¸Šå‡ORå»¶é•·æ™‚æ•ˆ\næŠ€èƒ½ã€é“å…·ä½¿ç”¨CDæ¸›å°‘\nå¯è³¦äºˆç‹€æ…‹ç•°å¸¸çš„æŠ€èƒ½æ”»æ“ŠåŠ›ä¸Šå‡\nAGIï¼š\nç§»å‹•é€Ÿåº¦ä¸Šå‡\nå‚·å®³è¼•æ¸›ç‡ä¸Šå‡\nè£å½ˆâ€¦ç­‰è§’è‰²å‹•ä½œé€Ÿåº¦ä¸Šå‡\nDEXï¼š\néƒ¨åˆ†é“å…·æ•ˆæœä¸Šå‡\nçˆ†æ“Šæ”»æ“ŠORå¼±é»æ”»æ“Šæ™‚çš„å‚·å®³é‡ä¸Šå‡\nå­å½ˆåœˆ(BULLET CIRCLE)çš„ç²¾åº¦ä¸Šå‡\néƒ¨åˆ†è£å‚™éœ€æ±‚\nLUKï¼š\nç‰©å“æ‰è½ç‡ä¸Šå‡\nçˆ†æ“Šç‡ä¸Šå‡\n\n(æ–¼2017å¹´02æœˆ08æ—¥ AM 1ï¼š11(UTC-8)ï¼Œç¿»è­¯è‡ª HTTP://ENJOI8.SAKURA.NE.JP/SAO_FB/GAIDO3.HTML ),HTTP://ENJOI8.SAKURA.NE.JP/SAO_FB/GAIDO3.HTML
2852,æƒ…äººç¯€å¿«æ¨‚,https://i.imgur.com/UWFoWXf.jpg
2856,@å°æ¶µ ,https://i.imgur.com/q7vouMZ.jpg
2857,@KATHYğŸ€ZEÂ®Oâ™¥ì œë¡œ ,https://i.imgur.com/xJgMrac.jpg
2858,@ğŸŒŸá¹¾Ğ„Ğ¯á¹„Êâ™“ ,https://i.imgur.com/ItF6rVh.jpg
2860,@KAYLA ,https://i.imgur.com/OSMpk0c.jpg
2861,@HSIN YI ,https://i.imgur.com/UuL6nQd.jpg
2863,@ĞœÃ–ĞœÃ–âœ¨(à¹‘Â¯ã‰¨Â¯à¹‘)Â® ,HTTPS://I.IMGUR.COM/CUZUNFH.JPG,CUZuNFh,cUZuNFH
2864,@éŒ¢ ,https://i.imgur.com/GYEZg93.jpg
2868,@LU LU ì›ƒâ™¥ìœ  ,HTTPS://I.IMGUR.COM/YAZPUUE.JPG,yaZPuUe,yAZPuuE
2869,@HEAD PREDATOR ,https://i.imgur.com/FcgJxAa.jpg
2872,@VE. è‹¥æ¦› ,https://i.imgur.com/apx559M.jpg
2873,@ç´”ç´”ğŸ’œ ,https://i.imgur.com/QKAqKuN.jpg
2876,æ£»9,HTTPS://I.IMGUR.COM/NKYMYXD.JPG,NKyMYXD,NKYmyxD
2877,æ£»1,https://i.imgur.com/cNO82J9.jpg
2880,ç«¥2,https://i.imgur.com/YJvO9Bw.jpg
2881,å»2,https://i.imgur.com/Fv3Mxva.jpg
2882,è±1,https://i.imgur.com/1JzItC1.jpg
2883,è‚–1,https://i.imgur.com/TzqPuGF.jpg
2884,è“1,https://i.imgur.com/ZoURRT5.jpg
2885,è“2,https://i.imgur.com/HNMHPLi.jpg
2886,æ—»1,https://i.imgur.com/Rt53JQ5.jpg
2887,K2,https://i.imgur.com/nbMteT8.jpg
2888,æ£»2,https://i.imgur.com/sdf198M.jpg
2889,èœ13,https://i.imgur.com/HjlZDMD.jpg
2891,åƒæ°´æ¯,https://i.imgur.com/mJByGcw.jpg
2892,æ”»ç•¥,HTTPS://GIOCOX.NET/SAO-FB\nHTTP://ENJOI8.SAKURA.NE.JP/SAO_FB/,HTTPS://GIOCOX.NET/SAO-F,HTTP://ENJOI8.SAKURA.NE.JP/SAO_FB/
2895,@KATHYğŸ€ZEÂ®Oâ™¥ì œë¡œ,https://i.imgur.com/TBS1Iqy.jpg
2896,@ğŸŒŸá¹¾Ğ„Ğ¯á¹„Êâ™“,https://i.imgur.com/5cQmfBi.jpg
2899,@å°æ¶µ,https://i.imgur.com/fUCf6Wi.jpg
2900,@å¤©å¤© ,https://i.imgur.com/UQa0dvx.jpg
2902,@é‚±éŸ¶ç‘‹ ,https://i.imgur.com/vgP9iA6.jpg
2903,@ãªã‹ã˜ã¾ä¸­å³¶ã—ã‚“ã„ã¡çœŸä¸€ã•ã‚“ ,https://i.imgur.com/rjfZ3yf.jpg
2904,@å¹³ ,https://i.imgur.com/ECqUz7G.jpg
2905,@â˜˜ï¸ã„“ã„¨ã„šã€ç¨˜â˜˜ï¸ ,https://i.imgur.com/xPk2ov1.jpg
2909,æ¶µæ¶µçˆ½,https://i.imgur.com/otUmsUd.jpg
2913,ç‰›3,https://i.imgur.com/otu8eDw.jpg
2914,æ£»5,https://i.imgur.com/wh3VUK5.jpg
2915,è–°1,https://i.imgur.com/vbhEstj.jpg
2916,æ—»4,https://i.imgur.com/xiLWkm6.jpg
2917,ç‰›4,HTTPS://I.IMGUR.COM/O8UCUDS.JPG,o8UcuDs,o8UCUds
2925,å…”1,https://i.imgur.com/9szMyp1.jpg
2926,@KATHYğŸ€ZEÂ®Oâ™¥ì œë¡œ ,https://i.imgur.com/TBS1Iqy.jpg
2927,@å°æ¶µ ,https://i.imgur.com/fUCf6Wi.jpg
2928,@å¤©å¤© ,https://i.imgur.com/UQa0dvx.jpg
2930,@é‚±éŸ¶ç‘‹ ,https://i.imgur.com/vgP9iA6.jpg
2932,@ğŸŒŸá¹¾Ğ„Ğ¯á¹„Êâ™“ ,https://i.imgur.com/5cQmfBi.jpg
2934, @ãªã‹ã˜ã¾ä¸­å³¶ã—ã‚“ã„ã¡çœŸä¸€ã•ã‚“ ,https://i.imgur.com/rjfZ3yf.jpg
2936,@HEAD PREDATOR ,https://i.imgur.com/FcgJxAa.jpg
2937,éšŠé•·,https://i.imgur.com/gQrkJAT.jpg
2938,éšŠé•·,https://i.imgur.com/gQrkJAT.jpg
2945,@å¾é›¯é›¯  WENNY ,https://i.imgur.com/U20tegS.jpg
2954,@éƒæ£»å…’ğŸ’‹,https://i.imgur.com/mllHHwI.jpg
2956,@ğŸ¥AMYBAOğŸ’•,https://i.imgur.com/qt4cUXi.jpg
2957,@ğŸ¥AMYBAOğŸ’•,https://i.imgur.com/qt4cUXi.jpg
2969,@HEAD PREDATOR,https://i.imgur.com/wg9ZvVI.jpg
2970,@HEAD PREDATOR,https://i.imgur.com/wg9ZvVI.jpg
2974,@è‘‡è‘‡âœ¨ ,https://i.imgur.com/SWnggvi.jpg
2976,@SEANNA è‚–å¨œ ,https://i.imgur.com/mS6wrrS.jpg
2979,@SEANNA è‚–å¨œ ,https://i.imgur.com/mS6wrrS.jpg
2980,@è‘‡è‘‡âœ¨ ,https://i.imgur.com/SWnggvi.jpg
2982,@ESTHERâœŸ ,https://i.imgur.com/WO7Vmyd.jpg
2988,å¥½ç»“å±€,HTTPS://YOUTU.BE/28RIBHKDLZY,HTTPS://YOUTU.BE/28RIBHKDLZY
2989,å¥½çµå±€,HTTPS://YOUTU.BE/28RIBHKDLZY,HTTPS://YOUTU.BE/28RIBHKDLZY
2991,@â™ Jæ£® ,https://i.imgur.com/OZ7XzGi.jpg
2992,@â™ Jæ£® ,https://i.imgur.com/OZ7XzGi.jpg
2994,SAO FB åŠŸç•¥åŒ¯é›†,HTTP://WWW.ENTERTAINMENT14.NET/BLOG/POST/110948044-%E5%88%80%E5%8A%8D%E7%A5%9E%E5%9F%9F-%E5%A5%AA%E5%91%BD%E5%87%B6%E5%BD%88-%E6%94%BB%E7%95%A5%E5%8C%AF%E9%9B%86,HTTP://WWW.ENTERTAINMENT14.NET/BLOG/POST/110948044-%E5%88%80%E5%8A%8D%E7%A5%9E%E5%9F%9F-%E5%A5%AA%E5%91%BD%E5%87%B6%E5%BD%88-%E6%94%BB%E7%95%A5%E5%8C%AF%E9%9B%86
2999,MDç²¾è¯,https://i.imgur.com/iZSReia.jpg
3000,MDç²¾è¯,https://i.imgur.com/iZSReia.jpg
3001,MDç²¾è¯,https://i.imgur.com/iZSReia.jpg
3002,MDç²¾è¯,https://i.imgur.com/iZSReia.jpg
3017,@â˜˜ï¸ã„“ã„¨ã„šã€ç¨˜â˜˜ï¸ ,https://i.imgur.com/xPk2ov1.jpg
3021,æŠ½ç”·äºº,https://i.imgur.com/h5MAnV3.jpg
3039,çœŸçµå±€,çœŸçµå±€çœŸæ­£è¦æ±‚æ˜¯è¦é€™éŠæˆ²æ–°å‡ºçš„å››å€‹è§’è‰²å’ŒAFASYSå¥½æ„Ÿåº¦å››ç´š75%æˆ–ä»¥ä¸Šï¼Œå…¶ä»–è§’è‰²å¥½æ„Ÿåº¦äºŒç´šæˆ–ä»¥ä¸Šï¼Œæº«æ³‰æ³³è£å…©åœ–å…¥æ‰‹ï¼Œå’Œç©å®¶æ‰€æœ‰äº‹ä»¶å®Œæˆï¼ˆä¸æ˜¯æ¡äººæ¨¡å¼ï¼‰(åŸæ–‡: https://www.facebook.com/groups/sao.ftb/permalink/498582113869934/)
3046,OST,HTTP://WWW.TSDM.ME/FORUM.PHP?MOD=VIEWTHREAD&TID=866190,HTTP://WWW.TSDM.ME/FORUM.PHP?MOD=VIEWTHREAD&TID=866190
3049,@è‹¡è± ,https://i.imgur.com/apx559M.jpg
3062,0E2194DE93BC30EA2B899285D6A5517A9AA9D3EEC7FE257D503601ED,...
3063,SHA 224,https://i.imgur.com/nWbK78X.jpg
3064,SHA 001,https://i.imgur.com/arMLzTz.jpg
3065,SHA 001,https://i.imgur.com/arMLzTz.jpg
3066,SHA 002,https://i.imgur.com/vzebWKK.jpg
3067,SHA 002,https://i.imgur.com/vzebWKK.jpg
3069,002,https://i.imgur.com/vzebWKK.jpg
3070,002,https://i.imgur.com/vzebWKK.jpg
3071,é¨™äººçš„å§,https://i.imgur.com/HeFALLe.jpg
3072,C8763,https://i.imgur.com/VbjTm9F.jpg
3073,é›¶äºŒ,https://i.imgur.com/vzebWKK.jpg
3076,åç§’,https://i.imgur.com/erDfsK3.jpg
3079,æ–°äºº,https://i.imgur.com/oXFl0HT.jpg
3080,è—œ1,https://i.imgur.com/p7s2ANV.jpg
3081,è—œ2,https://i.imgur.com/oukVGE3.jpg
3082,è—œ2,https://i.imgur.com/oukVGE3.jpg
3083,è—œ1,https://i.imgur.com/p7s2ANV.jpg
3085,@â˜˜ï¸ã„“ã„¨ã„šã€ç¨˜â˜˜,HTTPS://I.IMGUR.COM/CJWHTJH.JPG,CJWhTjH,cJWHtJH,cjWhtJH
3086,@â˜˜ï¸ã„“ã„¨ã„šã€ç¨˜â˜˜ï¸,HTTPS://I.IMGUR.COM/CJWHTJH.JP,cJWHtJh.jp,CjwHtJh.JP,CjwhtjH.jp,cJWHtJH.JP,CjwhtJh.jP,cJwHtJh.JP,cjWHTjh.Jp,CJWhTJh.jp,cJwhtJH.jP,cjwHtjH.jp,CjWhtJH.JP,CJwHtJH.Jp,CJWHTJH.Jp,cJWhtjH.Jp,cJwHtJH.jP,CjwHTjh.JP,cJwHTJH.JP,cjwhtJH.jP,CjwHtJh.jp,cJwhtJH.Jp,CJWhTjh.JP,cjWhtJH.JP,cjwHtJH.JP,CjWhTjH.jP,cJWHTJh.Jp,cjwhtjh.jP,cjWHtJH.Jp,cJwHtjh.Jp,CjWhTjh.Jp,cjWhtjH.jp,cJwHtJh.Jp,CjwhTjh.jP,CJWhTJH.Jp,cjWhtJH.jP,CJWhtJh.jp,CJwHtJh.Jp,cJwhTJh.jP,cJWhtjH.JP,cJWHtjH.Jp,cjWhtjh.jP,CjwhTjh.JP,cjWHTjH.jP,CJWhTjh.jP,CJWHtjH.jp,CJWHtjH.jP,cJwHTJH.jp,cjWhTJh.jP,cJWhtJh.jp,cjWhtjh.JP,CjwhtjH.JP,CJWhTjH.jp,cjwhTJH.jp,CJWhtjH.Jp,CJWHTjH.JP,cjwhTjh.JP,CJWhTJH.jP,cjwhtJH.JP,cjwhTJh.jP,CjwHTJh.Jp,cJwhTjh.jP,CjwHTjh.Jp,CjWHTJH.Jp,CJwHTJH.JP,CJwHTJH.Jp,CJwHtjH.Jp,CjwHtJH.Jp,CJwhTjH.jP,CJwhTjh.Jp,Cjwhtjh.jP,CjwHtJh.Jp,cJwHTjH.Jp,CJWHTJh.jp,CjwHTjh.jP,CjWhTJh.JP,CJwhTJH.Jp,cjWHTjH.Jp,CjwhtJh.Jp,cjWhtjH.Jp,cjwHTjh.Jp,CJwhTJH.jp,CJwhTjh.jp,CJWhtJh.Jp,cjwhTjh.Jp,CjWHTjH.jp,cJWHtjH.JP,cJWHtJH.jP,cJWHTJH.jp,CjWHtjh.Jp,CJWhTjh.jp,CjwhTJH.jP,cJWHTjH.jP,CJWHtjh.jP,cJWHTjh.Jp,CJWHTJH.JP,CjwhTjh.Jp,cJwhtjH.JP,cJWHTJh.JP,cJwhTJh.JP,CjWhTJh.jP,CJWHtJh.JP,cjWHTJH.JP,CJWhtjh.jP,cJwHtJH.jp,CjWHTJh.JP,CjWHTJh.jp,CJWHTjh.jP,CJwhtJh.JP,cJwHtjh.JP,CJwHtJh.JP,cJwhTjH.Jp,cjWHTjH.JP,CJWhtJH.Jp,CJwHtjH.jp,cjWHtJh.Jp,CJwhTJh.Jp,cjwHTjH.Jp,CjWHtJH.jp,CjwHTjh.jp,cJWhTJh.jP,CJWhTjH.jP,CjWHTjH.Jp,cjwhtJh.jP,CJwHtjh.jP,CjwHtjH.JP,cJwhtjh.JP,CjwHTJH.Jp,CjWhTjH.JP,CjwHtJh.jP,CJWhTjH.JP,CjWHtjh.jp,CJWhTJH.jp,cJwHTjh.JP,cJWHtjH.jP,cjWhTjh.JP,CjwHtjh.JP,cjwHtjh.jp,cjwhtjh.Jp,CJwHtJH.jp,cJwhTjh.JP,CjWHtJH.JP,CJWHTjH.jP,CjWhTJh.Jp,cJWHtjh.jP,CjwhTJh.jP,CjWHTjh.jP,cJWhtjH.jp,cJwhTJH.jp,CjWhTjh.jP,CJwhTJH.jP,cjwhTjh.jp,cJWhtJH.jP,CJWHtJh.Jp,CJwhtjH.jp,CjwHtjH.jp,cJWHtJH.jp,CjwhtJH.jP,CjWHtJh.jp,CJWHTJH.jp,CJWhtJh.JP,CJWHtJh.jP,CjWhtjh.Jp,cJwHTjh.jP,CjWhtjH.jp,cJWHTjh.jP,CjwHtjH.Jp,cJwhTjH.jP,cJWhTjH.Jp,CJwhTjh.jP,CjWhtjH.JP,cJWhTjh.jp,cjWHTJH.jP,cjwhtJH.Jp,cjWHtjh.jp,cjwHTjh.jP,cJWHTjh.jp,cjwhTjH.jP,CjwHTjH.jP,CjwHtJH.jp,cJWhTjh.JP,CJWHTjh.Jp,CJwHTJh.Jp,CjwhTjH.JP,CJWhtJH.jP,cJwhTjH.jp,CJwHtJh.jP,cJWhTJH.jp,cJWhTJH.jP,cJWhtjh.JP,CjWhtjH.jP,CjWhTJH.Jp,CJwhtJH.jP,CJWhTJH.JP,cJWHTJH.jP,CJwHtjH.JP,CJwhtjh.jP,CjwHTJh.jp,CjWHtjh.jP,cjwhTJH.Jp,cjWHtJh.jp,CJWhTJh.JP,CJwhtjh.JP,cJWhtjh.jp,cjwhTjh.jP,CJwhtjH.Jp,cJwHTjH.jP,CjWhTjh.JP,CjWhTjH.jp,CJWHTjh.JP,cjWhtJh.jp,cjWHtJh.jP,CJWhtjH.jP,cjwHTJH.Jp,cJWhTjh.jP,cJWhTJh.jp,cJwHTJh.JP,cjwHTjH.JP,cjwHtJh.JP,cJwhtjh.jP,cjWhtjh.jp,CjWHtjH.jp,CjWhTJH.jp,Cjwhtjh.JP,CJwHTJh.jP,CjWhTjH.Jp,cJWHtjh.jp,cjwHTjH.jp,CJwhtJh.jp,CjWhtJH.Jp,cjwhTJh.Jp,CJWhtjh.JP,cjwHtjH.JP,cjwhTjH.JP,CJWHtJH.Jp,cjWhTJh.JP,CjwhTjH.Jp,cjWhTjh.jP,cJWhtJH.Jp,CJWhTjH.Jp,CjWhTJH.jP,cjWhTJh.jp,cjWHTjh.JP,CJwhTJh.jp,CjwHtjH.jP,cjWHTjh.jp,cJwHtjh.jP,cJwHtJh.jp,Cjwhtjh.jp,cJwHtjH.jP,CJWHtJh.jp,cJWHtJh.jP,CJwhTJh.JP,cJwHTjh.Jp,CjwhTJH.jp,cjwHtJH.jp,cjwhTJh.JP,cjWHtJh.JP,CJwhtjh.jp,CjwHTjH.JP,CjWHtJh.Jp,cJwHtjH.jp,cJwhtJh.JP,cjwHtjH.Jp,cJWHTJh.jp,CJwHTjH.JP,cjWhtJh.jP,CjWhtjH.Jp,cJWHtjh.Jp,cjWhTJH.jp,CJWHTjH.jp,cJwHTjH.jp,CjWHtJH.Jp,cJWhtjH.jP,CjwhTJh.JP,cjwHtJH.Jp,cjwHTjH.jP,CjwHTJH.JP,cjWHtJH.JP,CjWHtjh.JP,cJwhtjH.Jp,CjWHTJH.JP,CJwHtjh.JP,cjwHtJh.Jp,CjWhtJH.jP,cjwhTJH.jP,CJWHTJh.Jp,cjWhTjH.jP,CjWhTJH.JP,CJWHtjH.Jp,Cjwhtjh.Jp,CjWhtjh.jp,CJwHTjh.jP,cjWHTJH.Jp,CJwhTJH.JP,CjWHTJh.Jp,cJwhTjh.Jp,cJWhTjH.jP,cjwHTjh.jp,cjWHTJh.jP,CJWhTjh.Jp,CjwHTJH.jP,CJwHTJH.jP,cjwhtjH.Jp,cjwHTJh.Jp,CjWHTJh.jP,CJwHTjh.Jp,cJwHTJh.jP,CJWHtjh.jp,cJwHTJH.jP,CJwHTJH.jp,CjwhtJh.jp,cjWHtjH.JP,CjwhTJh.jp,CJwhtJH.JP,cJWHTjh.JP,cJWhTJH.JP,CJWHtjh.Jp,CJwHTjH.Jp,CjwHtjh.jp,CjwHTJh.jP,CJWHtjH.JP,cJWhtJh.jP,CjwhtjH.jP,CJWhtjH.jp,cjWHtJH.jP,cJWhtJH.JP,cJwHTJh.Jp,cJwhTJH.jP,cJWhtJh.JP,CjwHTjH.Jp,CJwhtjH.JP,CjwhTjh.jp,cJwHtjH.Jp,cjWHTjh.jP,cjWHtjH.Jp,cjwhTjH.Jp,cJWhTjH.JP,cJwhtJh.jp,cjWhTJh.Jp,CJwhtJh.Jp,cjwHtJH.jP,cJWhtjh.Jp,cjwhtJh.JP,cJWhtjh.jP,CjWhtJh.jP,cJwhTJH.JP,CjwhtJh.JP,CjwHtJH.jP,CjwHTJh.JP,CJWhTJh.jP,CjwHTjH.jp,cjwHTjh.JP,CJWhtjh.Jp,CjwHtJH.JP,CJwHtJH.JP,cjwhtjH.jp,cJWHTjH.Jp,cJWHTjH.jp,cjwHtjh.jP,CJWHTJh.JP,CJwhTjh.JP,cjwHtjh.JP,CjwhTJH.JP,cJWHtjh.JP,cJwhtjh.jp,CJWHTJh.jP,cJwhtJH.JP,cjWhTjH.Jp,CJwhTjH.Jp,cJwHTjH.JP,cJwHtJH.Jp,cjwhtjh.jp,cJwhtJH.jp,CjwhtjH.Jp,cJWHTjH.JP,cjWHtjH.jp,cJWhTJh.Jp,cjwhtjH.jP,cJwhTJH.Jp,CjWHtJh.jP,cJWHTJH.JP,cjWhtJH.jp,CjWhtJh.Jp,CJwHTJh.jp,CjwHtjh.Jp,CjWHtJh.JP,cJwhTjh.jp,cJwhTJh.Jp,CJWHtJH.jp,cjWHtJH.jp,CJwHTJh.JP,CJWHTjh.jp,CJWHtJH.JP,CjwhTjH.jP,cJWhTjH.jp,CjwhtJH.JP,CJWHtjh.JP,cjWhTJH.jP,cjwhTjH.jp,cJwHtjH.JP,cjWHtjh.JP,CjWHtjH.Jp,cJwhtjH.jP,CJWHTJH.jP,CJwhTjH.JP,cjwHTJh.jp,cJwHtJh.jP,cjwHtjh.Jp,CJWHTjH.Jp,cjWhTjH.JP,cjwhtJH.jp,cjWHTjH.jp,CJwHTjh.jp,CjWHTjh.Jp,cjWHtjh.jP,cjwHTJH.jp,CJwhTJh.jP,CJwHtjh.jp,cjWhTjh.jp,CJwHTjH.jp,CjWhtJh.JP,cjWHTJh.JP,CJWhtjh.jp,CJWhtJH.JP,cjWhtjH.jP,cjWhTJH.JP,cJWhTJH.Jp,CJwHTjH.jP,cjWhTJH.Jp,cjwhtjh.JP,cjWHtjH.jP,CjWHTJH.jP,cJwHTJh.jp,cjWhtJH.Jp,CjWhtjh.JP,cJwhtjh.Jp,cJwHtJH.JP,CjWHTjH.JP,CJwhtjH.jP,cJWHtjH.jp,cjWhtJh.Jp,cJWhTjh.Jp,CjwHTJH.jp,CJwHTjh.JP,CjWHTjh.JP,CjWhTJh.jp,cjwHtJh.jp,cjwhtJh.jp,CJWhtjH.JP,cJwHtjh.jp,cjwhTJH.JP,CjwhtJH.Jp,CJWhTJh.Jp,cJWHtJh.Jp,CJWhtJH.jp,cjWhtjh.Jp,CjWHTJH.jp,cJwHTJH.Jp,cjWhtjH.JP,cJwhTJh.jp,CjWHtJH.jP,cjwhTJh.jp,cjwHTJH.jP,CJwHtjh.Jp,cjWHTJH.jp,CJwHtJh.jp,cjWHtjh.Jp,CJwhtJH.Jp,cjwhtJh.Jp,cjWhTjH.jp,cJwhtjH.jp,CjwhTJH.Jp,CjWHtjH.JP,cJWhtJh.Jp,cjwhtjH.JP,cJwHTjh.jp,cJWHtJh.JP,cJwhTjH.JP,cjWhtJh.JP,cjwHTJh.jP,CJwhtjh.Jp,CjwhTJh.Jp,cJWHTJH.Jp,CjWHTjh.jp,cjwHtjH.jP,CjWhtJh.jp,cjwHTJH.JP,CJwhTjH.jp,CjWHtjH.jP,cJWHtJH.Jp,CJWhtJh.jP,CjWhtjh.jP,CJwHtjH.jP,CjwhTjH.jp,cjwHTJh.JP,CjwHtjh.jP,CJwhtJh.jP,cJwhtJh.Jp,CJWHtJH.jP,CjWhtJH.jp,cJWHTJh.jP,cJwhtJh.jP,cjwHtJh.jP,CJwHtJH.jP,cJWhTJh.JP,cjWHTJh.jp,cJWhtJH.jp,CjWHTjH.jP,CjWhTjh.jp,cjWhTjh.Jp,cjWHTJh.Jp,CJwhtJH.jp,CjwhtJH.jp
3090,@HTHT ,https://i.imgur.com/DSHwKjp.jpg
3091,@HTHT ,https://i.imgur.com/DSHwKjp.jpg
3095,@KğŸ‘» å¦,https://i.imgur.com/hVOkjV8.jpg
3096,@JOLINã€Šå©•ã€‹ ,https://i.imgur.com/EhBjr2e.jpg
3097,@åº­å˜‰ ,https://i.imgur.com/tt6y68e.jpg
3098,@ĞœÃ–ĞœÃ–ğŸŒˆ(à¹‘Â¯ã‰¨Â¯à¹‘)Â® ,https://i.imgur.com/Bhmfeye.jpg
3099,@â£ï¸è‰¾ELEANOR TOPğŸ“â£ï¸ ,https://i.imgur.com/ylJjFE6.jpg
3100,@ä¼Š ,https://i.imgur.com/7A3bZu7.jpg
3101,@å‡å‡ ,https://i.imgur.com/xHB2xBS.jpg
3102,@JOLINã€Šå©•ã€‹ ,https://i.imgur.com/EhBjr2e.jpg
3103,@KğŸ‘» å¦,https://i.imgur.com/hVOkjV8.jpg
3104,@åº­å˜‰ ,https://i.imgur.com/tt6y68e.jpg
3105,@å‡å‡ ,https://i.imgur.com/xHB2xBS.jpg
3106,@â£ï¸è‰¾ELEANOR TOPğŸ“â£ï¸ ,https://i.imgur.com/ylJjFE6.jpg
3107,@ĞœÃ–ĞœÃ–ğŸŒˆ(à¹‘Â¯ã‰¨Â¯à¹‘)Â® ,https://i.imgur.com/Bhmfeye.jpg
3108,@ä¼Š ,https://i.imgur.com/7A3bZu7.jpg
3114,@è¶™èŠ©è—œ ,https://i.imgur.com/akdvrv8.jpg
3115,@è¶™èŠ©è—œ ,HTTPS://I.IMGUR.COM/AKDVRV8.JPG,ERROR - https://i.imgur.com/AkdVrV8.jpg,akdvrv8
3116,@ç±³å¯èŠ¸ ,https://i.imgur.com/UbYAgKo.jpg
3117,@ç±³å¯èŠ¸ ,https://i.imgur.com/UbYAgKo.jpg
3119,@COCKROACH ,https://i.imgur.com/0YLQcyQ.jpg
3120,@COCKROACH ,https://i.imgur.com/0YLQcyQ.jpg
3123,æ‰è½,https://i.imgur.com/mSk2Jnu.jpg
3124,æ­¦å™¨,https://i.imgur.com/mSk2Jnu.jpg
3125,æ­¦å™¨æ‰è½,https://i.imgur.com/mSk2Jnu.jpg
3146,å¯Iã„‰7AZ(HEART),HTTPS://I.IMGUR.COM/PPTFLBU.JPG,PPtFlBu,PPtFLBu
3147,é­šé±¼é­šé­šé­šã„™ã„©ã„©é­šé­šé­šã„©ã„©é±¼é±¼ã„©ã„©é­šé­šã„©ã„©æ¼é­šé­šé­šï¼ï¼ï¼+*\>/@'!?,\\-,https://i.imgur.com/uW1UTad.jpg
3163,å°é•·,https://i.imgur.com/gQrkJAT.jpg
3164,å°é•·,https://i.imgur.com/gQrkJAT.jpg
3165,@ESTHERâœŸ ,https://i.imgur.com/WO7Vmyd.jpg
3171,@å‚‘å¤«â˜€ï¸å­æ›œ ,https://i.imgur.com/OkShTos.jpg
3184,@ãªã‹ã˜ã¾ä¸­å³¶ã—ã‚“ã„ã¡çœŸä¸€ã•ã‚“ ,https://i.imgur.com/rjfZ3yf.jpg
3188,@VE. ,https://i.imgur.com/apx559M.jpg
3189,@Â°å¾®âœšã‚â€¿âœªå¤œç©ºã®æ˜Ÿâ™ªâ„¢,https://i.imgur.com/ZxBc4eK.jpg
3194,@Â°å¾®âœšã‚â€¿âœªå¤œç©ºã®æ˜Ÿâ™ªâ„¢,https://i.imgur.com/9QDD4UQ.jpg
3201,èœ2,https://i.imgur.com/3lVVNLY.jpg
3202,èœ2,https://i.imgur.com/3lVVNLY.jpg
3203,èœ3,https://i.imgur.com/ttxNZp8.jpg
3205,èœ9,https://i.imgur.com/b0LD8yf.jpg
3208,èœ9,https://i.imgur.com/b0LD8yf.jpg
3209,èœ3,https://i.imgur.com/ttxNZp8.jpg
3213,çœŸçµå±€,çœŸçµå±€è¦æ±‚:\n1. KUREHA, ZELISKA, ITSUKI, BAZALT JOE, ALFASYS å¥½æ„Ÿåº¦LV.4 75%+\n2. æ‰€æœ‰è§’è‰²é™¤ä»¥ä¸Šäº”ä½ä»¥å¤–å¥½æ„ŸLV.2+\n3. CGæº«æ³‰ã€CGæ³³è£ å…¥æ‰‹\n4. å®Œæˆæ‰€æœ‰æ”¯ç·šä»»å‹™(ç¶ è‰²æ³¡æ³¡)\n(åŸæ–‡: https://www.facebook.com/groups/sao.ftb/permalink/498582113869934/)
3215,@ğŸ¥AMYBAOğŸ’• ,https://i.imgur.com/eLe3XDF.jpg
3218,@çº³å…¹ ,https://i.imgur.com/QCdyMsS.jpg
3219,@é„­æ™¯æ–‡ ,https://i.imgur.com/FQy7Cuw.jpg
3220,@TZU  LUNG ,https://i.imgur.com/ShM6Nyk.jpg
3221,@æ˜¥ç„ ,HTTPS://I.IMGUR.COM/PYTNMSE.JPG,PytNMSE,PYtNmSE
3222,@å¡ç¨±à·†âƒ›Í™ ,https://i.imgur.com/Eoa9Gol.jpg
3223,@SUPREME DING ,https://i.imgur.com/zuaLGNs.jpg
3224,@å‚‘å¤«â˜€ï¸å­æ›œ ,https://i.imgur.com/A7OUhdF.jpg
3225,@é«˜æŒ¯ æ—é€šæµ· ,https://i.imgur.com/YVulkyq.jpg
3226,@å‚‘å‚‘ ,https://i.imgur.com/BUyiLCC.jpg
3227,@ãƒ†ã‚¤ãƒ«ã‚¹-å°šé›¨ ,https://i.imgur.com/YfxnVoT.jpg
3228,@Â°å¾®âœšã‚â€¿âœªå¤œç©ºã®æ˜Ÿâ™ªâ„¢ ,https://i.imgur.com/jIXDKy1.jpg
3229,@æº«æº« ,https://i.imgur.com/dRZ4sp2.jpg
3230,@é„­æ™¯æ–‡ ,https://i.imgur.com/FQy7Cuw.jpg
3231,@TZU  LUNG ,https://i.imgur.com/ShM6Nyk.jpg
3232,@çº³å…¹ ,https://i.imgur.com/QCdyMsS.jpg
3233,@Â°å¾®âœšã‚â€¿âœªå¤œç©ºã®æ˜Ÿâ™ªâ„¢ ,https://i.imgur.com/jIXDKy1.jpg
3234,@æ˜¥ç„ ,HTTPS://I.IMGUR.COM/PYTNMSE.JPG,PytNMSE,PYtNmSE
3235,@ãƒ†ã‚¤ãƒ«ã‚¹-å°šé›¨ ,https://i.imgur.com/YfxnVoT.jpg
3236,@å¡ç¨±à·†âƒ›Í™ ,https://i.imgur.com/Eoa9Gol.jpg
3237,@å‚‘å‚‘ ,https://i.imgur.com/BUyiLCC.jpg
3238,@é«˜æŒ¯ æ—é€šæµ· ,https://i.imgur.com/YVulkyq.jpg
3239,@æº«æº« ,https://i.imgur.com/dRZ4sp2.jpg
3240,@SUPREME DING ,https://i.imgur.com/zuaLGNs.jpg
3241,@å‚‘å¤«â˜€ï¸å­æ›œ ,https://i.imgur.com/A7OUhdF.jpg
3242,@é˜¿èŒ¹ ,https://i.imgur.com/QAkEbJ2.jpg
3243,@é˜¿èŒ¹ ,https://i.imgur.com/QAkEbJ2.jpg
3244,å¥³ç‹,HTTPS://I.IMGUR.COM/SDIXNZT.JPG,SDiXNZT,SDiXnzt
3245,å¥³ç‹,HTTPS://I.IMGUR.COM/SDIXNZT.JPG,SDiXNZT,SDiXnzt
3256,æ­¦å™¨è¡¨,HTTPS://DOCS.GOOGLE.COM/SPREADSHEETS/D/1CL3JRBGY_AEN2L3IOSJ8YHKOALM5NQPTLJCWLXJXQFW/HTMLVIEW,HTTPS://DOCS.GOOGLE.COM/SPREADSHEETS/D/1CL3JRBGY_AEN2L3IOSJ8YHKOALM5NQPTLJCWLXJXQFW/HTMLVIEW
3260,@éƒ­è‚²æ–‡ ,https://i.imgur.com/Wwy3He9.jpg
3261,@LOSğŸŒ¹ ,https://i.imgur.com/GkMbM7v.jpg
3262,@ğŸ§šğŸ»â€â™‚ï¸æ´¾æ´¾å¦®ğŸ§–ğŸ»â€â™€ï¸ ,https://i.imgur.com/hXReTjD.jpg
3263,@å¿ƒæ˜Ÿç›¸å°âœ¨é‡‘é­š ,https://i.imgur.com/mYwPETw.jpg
3264,@FRANKIE ,HTTPS://I.IMGUR.COM/TYGNB9A.JPG,tYGNb9A,tYGnb9A
3265,@LIN LIN ,https://i.imgur.com/ZGbZoMo.jpg
3266,@MIKO â¤ï¸ ,https://i.imgur.com/2vMOInq.jpg
3267,@å®‰çªå…’ ,https://i.imgur.com/n8pakPw.jpg
3269,@â¤ï¸å°é›…â¤ï¸ ,HTTPS://I.IMGUR.COM/LBMAQIY.JPG,lBMaqIy,LbMAqiy
3271,@ğŸ’•TIFFANYğŸ’•ğŸ˜˜ ,https://i.imgur.com/z1Nt2nL.jpg
3272,@JULIA KUMICKYğŸ€ ,https://i.imgur.com/ID2GgMa.jpg
3273,@âœ¿ç’‡ ì„ âœ¿ ,https://i.imgur.com/u0onuIQ.jpg
3274,@ğŸ§šğŸ»â€â™‚ï¸æ´¾æ´¾å¦®ğŸ§–ğŸ»â€â™€ï¸ ,https://i.imgur.com/hXReTjD.jpg
3275,@FRANKIE ,HTTPS://I.IMGUR.COM/TYGNB9A.JPG,tYGNb9A,tYGnb9A
3276,@å¿ƒæ˜Ÿç›¸å°âœ¨é‡‘é­š ,https://i.imgur.com/mYwPETw.jpg
3277,@LOSğŸŒ¹ ,https://i.imgur.com/GkMbM7v.jpg
3278,@éƒ­è‚²æ–‡ ,https://i.imgur.com/Wwy3He9.jpg
3279,@LIN LIN ,https://i.imgur.com/ZGbZoMo.jpg
3280,@MIKO â¤ï¸ ,https://i.imgur.com/2vMOInq.jpg
3281,@å®‰çªå…’ ,https://i.imgur.com/n8pakPw.jpg
3282,@JESS ,https://i.imgur.com/NueJiSu.jpg
3283,@â¤ï¸å°é›…â¤ï¸ ,HTTPS://I.IMGUR.COM/LBMAQIY.JPG,lBMaqIy,LbMAqiy
3284,@ğŸ’•TIFFANYğŸ’•ğŸ˜˜ ,https://i.imgur.com/z1Nt2nL.jpg
3285,@JULIA KUMICKYğŸ€ ,https://i.imgur.com/ID2GgMa.jpg
3286,@âœ¿ç’‡ ì„ âœ¿ ,https://i.imgur.com/u0onuIQ.jpg
3288,@è¦     å±• ,HTTPS://I.IMGUR.COM/LYCJOHN.JPG,lyCjOHN,LyCJoHn
3289,@é¦™è‡è±¬ ,HTTPS://I.IMGUR.COM/ZRRRQTM.JPG,ZrrRqtM,ZRRRqTM
3290,@æ—»è«º ,https://i.imgur.com/SH0fZcI.jpg
3291,@ROSS ,https://i.imgur.com/Ze4zyfr.jpg
3293,@éŸ‹ ,https://i.imgur.com/Cw0tcuQ.jpg
3294,@è•­ç…’éœ– ,https://i.imgur.com/NoiwZO8.jpg
3295,@å®¢è§€ä¸€å“¥ ,https://i.imgur.com/gjAcaUC.jpg
3296,@CLEAN ,https://i.imgur.com/b7VEXre.jpg
3297,@æ—»è«º ,https://i.imgur.com/SH0fZcI.jpg
3298,@ROSS ,https://i.imgur.com/Ze4zyfr.jpg
3299,@å®¢è§€ä¸€å“¥ ,https://i.imgur.com/gjAcaUC.jpg
3300,@è¦     å±• ,HTTPS://I.IMGUR.COM/LYCJOHN.JPG,lyCjOHN,LyCJoHn
3301,@è•­ç…’éœ– ,https://i.imgur.com/NoiwZO8.jpg
3302,@éŸ‹ ,https://i.imgur.com/Cw0tcuQ.jpg
3303,@CLEAN ,https://i.imgur.com/b7VEXre.jpg
3304,@é¦™è‡è±¬ ,HTTPS://I.IMGUR.COM/ZRRRQTM.JPG,ZrrRqtM,ZRRRqTM
3305,@RICO CHENğŸ‘£IN TAIPEI ,https://i.imgur.com/3jc4UzV.jpg
3306,@ğŸ’–ç‹èç‘„ğŸ±å¯¶è²å°å‰ğŸ’– ,https://i.imgur.com/IcqgEZr.jpg
3307,@ğŸ’–ç‹èç‘„ğŸ±å¯¶è²å°å‰ğŸ’– ,https://i.imgur.com/IcqgEZr.jpg
3312,@â›µè³œæˆ‘å¤¢å¢ƒâ›µ ,https://i.imgur.com/oExLzqY.jpg
3313,@å‚»å¯¶â™Œï¸ ,https://i.imgur.com/j0NVR66.jpg
3315,@KğŸ‘» ,https://i.imgur.com/oiyTXk6.jpg
3316,@å‚»å¯¶â™Œï¸ ,https://i.imgur.com/j0NVR66.jpg
3318,@KğŸ‘» ,https://i.imgur.com/oiyTXk6.jpg
3319,@â›µè³œæˆ‘å¤¢å¢ƒâ›µ ,https://i.imgur.com/oExLzqY.jpg
3320,@å¿ƒæ˜Ÿç›¸å°âœ¨é‡‘é­š,https://i.imgur.com/fek91T8.jpg
3326,@G_X_Y ,https://i.imgur.com/4MEPvAW.jpg
3327,@G_X_Y ,https://i.imgur.com/4MEPvAW.jpg
3329,@åˆå» ,https://i.imgur.com/4zzBcNX.jpg
3330,@åˆå» ,https://i.imgur.com/4zzBcNX.jpg
3331,@T-JIM.é»ƒé€ ,https://i.imgur.com/bOlv00c.jpg
3332,@T-JIM.é»ƒé€ ,https://i.imgur.com/bOlv00c.jpg
3337,æ­£,https://i.imgur.com/8RCi2Ux.jpg
3342,@OSCARLIN@TW ,https://i.imgur.com/Yzqj04h.jpg\nè‡ªèªç‚ºæ˜¯å¸¥æ°£åˆæš–å¿ƒçš„é›™é­šåº•è¿ª\né£›æ¯”æŒ‡å®šä»‹ç´¹ï¼Œç‚ºç«ç®­åº•è¿ªæ˜¯ä¹Ÿ\nçŒœå“¥è¡¨ç¤ºå¸¥æ°£åˆæš–å¿ƒé›™é­šè‰²åº•è¿ª 
3345,@STEVEN è•­-è€å…µ ,https://i.imgur.com/EZcK3xp.jpg
3353,@BRUCE ,https://i.imgur.com/C50ZLyw.jpg
3357,@SH ,https://i.imgur.com/6sZAhQy.jpg
3358,@NORMAN ,https://i.imgur.com/PQawwiN.jpg
3359,@OSCARLIN@TW ,https://i.imgur.com/Yzqj04h.jpg
3360,@ğŸ­  é»ƒå°å¦‚ ,https://i.imgur.com/0SlY7gp.jpg
3364,é–‹çœ‹çœ‹,HTTPS://EZGIF.COM/APNG-TO-GIF,HTTPS://EZGIF.COM/APNG-TO-GIF
3366,@RICO CHENğŸ‘£IN TAIPEI ,https://i.imgur.com/9SVReqc.jpg
3368,@GLENCHANG ,https://i.imgur.com/R3a3CCo.jpg
3369,@é˜¿å‚‘ ,https://i.imgur.com/nL6rBqe.jpg
3370,@æ´ªæ˜é›„ ,https://i.imgur.com/smWtjsP.jpg
3371,@é˜¿å¦‚ ,https://i.imgur.com/RtBtDdd.jpg
3375,@é˜¿å‰ ,https://i.imgur.com/PJngG5U.jpg
3376,@å¼µé–‹æ™º å•¤é…’ ,https://i.imgur.com/zfRKuVt.jpg
3380,@JESS ,https://i.imgur.com/NueJiSu.jpg
3382,@ğŸ¥AMYBAOğŸ’• ,https://i.imgur.com/eLe3XDF.jpg
3383,@ğŸ’‹è©¹AMYBAOğŸ’‹ ,https://i.imgur.com/eLe3XDF.jpg
3384,@ğŸ’‹è©¹AMYBAOğŸ’‹ ,https://i.imgur.com/eLe3XDF.jpg
3386,@Jæ£®ğŸ˜˜ğŸ˜˜ ,https://i.imgur.com/gjAcaUC.jpg
3388,@éƒæ£»å…’ğŸ’‹ ,https://i.imgur.com/iVPnT3m.jpg
3389,@éƒæ£»å…’ğŸ’‹ ,https://i.imgur.com/iVPnT3m.jpg
3390,@å½¥è“‰ğŸ˜ANGELA WU ,https://i.imgur.com/lhsFP3t.jpg
3391,@å½¥è“‰ğŸ˜ANGELA WU ,https://i.imgur.com/lhsFP3t.jpg
3392,@æå“æ¯… ,https://i.imgur.com/B0NH6O0.jpg
3393,@æå“æ¯… ,https://i.imgur.com/B0NH6O0.jpg
3406,@Jæ£®ğŸ˜˜ğŸ˜˜ ,https://i.imgur.com/ij5K52z.jpg
3407,æ­¦å™¨æ‰è½,https://i.imgur.com/mSk2Jnu.jpg
3408,@ğŸ’‹è©¹AMYBAOğŸ’‹,https://i.imgur.com/eLe3XDF.jpg
3409,@éƒæ£»å…’ğŸ’‹,https://i.imgur.com/iVPnT3m.jpg
3410,@æå“æ¯…,https://i.imgur.com/B0NH6O0.jpg
3411,çª1,HTTPS://I.IMGUR.COM/TDEADMF.JPG,tDeADmF,tDeaDmf
3412,çª1,HTTPS://I.IMGUR.COM/TDEADMF.JPG,tDeADmF,tDeaDmf
3417,æŸ¯å—,HTTPS://MEGA.CO.NZ/#F!0ZL10ACA!RLXABREESIHXGLYSJVDJ7G\nHTTPS://PAN.BAIDU.COM/S/1O8BHFKY @9G0J,HTTPS://MEGA.CO.NZ/#F!0ZL10ACA!RLXABREESIHXGLYSJVDJ7,HTTPS://PAN.BAIDU.COM/S/1O8BHFKY
3418,@HEAD DESPERATE,https://i.imgur.com/2eaUq6F.jpg
3422,@HEAD DESPERATE ,https://i.imgur.com/2eaUq6F.jpg
3423,@HEAD DESPERATE ,https://i.imgur.com/2eaUq6F.jpg
3428,è…¦æ®˜,https://i.imgur.com/UXyTcVr.jpg
3429,é£›æ¯”å’¬æ‰‹æ‰‹,https://i.imgur.com/WYAuzkJ.jpg
3430,é£›æ¯”ç¶“å…¸ç…§,HTTPS://I.IMGUR.COM/VIZHBVW.JPG,VizHbvw,viZhbvw
3431,é£›æ¯”ç©ºç©º,https://i.imgur.com/TAXXjir.jpg
3435,åš‡åˆ°åƒæ‰‹æ‰‹,https://i.imgur.com/T64z0SE.jpg
3437,@å¤§å¯Œ"å®¤å…§è¨­è¨ˆ"æœå‹™é …ç›®:è£æ½¢æ²¹æ¼†æ°´é›» ,https://i.imgur.com/ALptBHL.jpg
3444,ã€Œç²‰çµ²åœ˜æ­¡è¿ä½ ã€,https://i.imgur.com/BjKNpVb.jpg
3446,@å›åˆ°è§’è½çš„å°æ¶µ ,https://i.imgur.com/fUCf6Wi.jpg
3447,@å›åˆ°è§’è½çš„å°æ¶µ ,https://i.imgur.com/fUCf6Wi.jpg
3448,@å¾å°‰ ,https://i.imgur.com/ZQ76GO4.jpg
3449,@å›åˆ°è§’è½çš„å°æ¶µ,https://i.imgur.com/fUCf6Wi.jpg
3450,@MICHELLEæ™´ ,https://i.imgur.com/NLtGrKN.jpg
3451,@âœ¨å½¤âœ¨ ,https://i.imgur.com/VJD8qIb.jpg
3452,@âœ¨å½¤âœ¨ ,https://i.imgur.com/VJD8qIb.jpg
3453,@MICHELLEæ™´ ,https://i.imgur.com/NLtGrKN.jpg
3455,ECèª²ç¨‹è¡¨,HTTPS://MEGA.NZ/#!FYSBMDPB!NUISNJVQ68R2FEY5AYV1FIBZWYLPXO2Q5IACDRT3MFU,HTTPS://MEGA.NZ/#!FYSBMDPB!NUISNJVQ68R2FEY5AYV1FIBZWYLPXO2Q5IACDRT3MFU
3459,@HEAD DESPERATE ,https://i.imgur.com/mI4DzKQ.jpg
3460,@HEAD DESPERATE ,https://i.imgur.com/mI4DzKQ.jpg
3462,@ç‘©ç‘© ,HTTPS://I.IMGUR.COM/HJLYZPB.JPG,ERROR - https://i.imgur.com/HjlYZPb.jpg,HjLyzpB
3463,@MAXINE ,https://i.imgur.com/UTqnCh7.jpg
3465,Gèª²é‡‘å•é¡Œ,æ±‚åŠ©LINK HTTPS://SUPPORT.GOOGLE.COM/GOOGLEPLAY/?HL=EN#TOPIC=3364260&CONTACT=1,HTTPS://SUPPORT.GOOGLE.COM/GOOGLEPLAY/?HL=EN#TOPIC=3364260&CONTACT=1
3470,@è‘‰å°å¹³ ,https://i.imgur.com/ECqUz7G.jpg
3471,@è‘‰å°å¹³ ,https://i.imgur.com/ECqUz7G.jpg
3475,@COCKROACH ,https://i.imgur.com/pVnc4NP.jpg
3476,@ä¼ˆå°é»‘(BK) ,https://i.imgur.com/UeXGIrc.jpg
3477,@TOICE ,https://i.imgur.com/DfQ5PlY.jpg
3483,@æ°´èŒèŒ ,https://i.imgur.com/ifZ0NCe.jpg
3539,@é£›æ¯”âœˆ ,https://i.imgur.com/OlnjLcs.jpg
3545,@YAN ,HTTPS://I.IMGUR.COM/BZHINIR.JPG,bzHINIR,BZHInIr
3546,@YAN ,HTTPS://I.IMGUR.COM/BZHINIR.JPG,bzHINIR,BZHInIr
3547,@YAN,HTTPS://I.IMGUR.COM/BZHINIR.JPG,bzHINIR,BZHInIr
3575,å°å¹¸,HTTPS://I.IMGUR.COM/ICZFFOU.PNG),ICZffOu),iCzfFou),icZffOu),ICZFFoU),IcZFFoU),iczfFou),ICzFFOU),iCZFFoU),iCzFfou),IcZFFOU),icZffOU),iczFfOU),icZFFOu),ICZFFOu),iCZffou),iCzfFOu),icZfFOu),IcZfFou),ICzffoU),iczFFOU),IcZfFOu),iczFFOu),ICZfFOu),iCZFFOU),icZFfou),iczFFou),iCzffOu),iczffoU),iCZfFoU),ICzFfOu),iCzFfOu),icZFfOU),iCzfFoU),icZffoU),iCZFfOu),icZfFoU),iCzFFoU),icZFfOu),IczFFOu),iczFfoU),ICzfFou),iczffOu),iCzFfoU),ICZFfOu),icZFFoU),ICZffOU),icZfFOU),icZFfoU),IcZffoU),iCZfFOu),IczFfOu),IczFfoU),iCZffOu),ICZfFoU),iczfFoU),IcZFfOU),iCZffOU),iCzFFOU),iczfFOU),iCZFFOu),ICzfFoU),IczfFoU),IczFfOU),icZFFOU),IcZFFOu),ICzFfOU),iczFFoU),ICZFfOU),ICZfFou),IczFFou),ICZFFou),ICzFFou),ICzfFOu),IczffoU),iCzFFOu),ICzffOU),IczFfou),iCZffoU),icZfFou),IczffOu),iCzFFou),IcZffou),ICZffou),IczfFOU),IcZFfOu),iczFfou),ICZFfoU),IcZffOu),ICzffou),ICZFFOU),ICzfFOU),ICzFFOu),iCZFfOU),iCZfFOU),iczfFOu),IcZFFou),iCZFfoU),ICZffoU),IcZfFoU),iCzfFOU),IcZfFOU),ICzFFoU),iCzffOU),icZFFou),iCzffou),IczFFOU),iczffou),ICZfFOU),ICzFfou),IczfFou),ICZFfou),iCzFfOU),IczffOU),IcZFfou),Iczffou),icZffou),IcZFfoU),iCZFfou),ICzffOu),iCzffoU),ICzFfoU),IczFFoU),IcZffOU),IczfFOu),iczFfOu),iCZfFou),iCZFFou),iczffOU)
3581,å‘¨å¹´,HTTPS://IMGUR.COM/1THLW62.JPG,HTTPS://IMGUR.COM/1THLW62.JPG
3584,@ğŸ§šğŸ»â€â™‚ï¸å¦®å¦®ğŸ§–ğŸ»â€â™€ï¸ ,https://i.imgur.com/hXReTjD.jpg
3585,@ğŸ§šğŸ»â€â™‚ï¸å¦®å¦®ğŸ§–ğŸ»â€â™€ï¸ ,https://i.imgur.com/hXReTjD.jpg
3587,UW3,HTTPS://IMGUR.COM/LYVECRO.JPG,HTTPS://IMGUR.COM/LYVECRO.JPG
3589,å‹æƒ…,HTTPS://IMGUR.COM/BDTVDQU.JPG,HTTPS://IMGUR.COM/BDTVDQU.JPG
3592,OS3,HTTPS://IMGUR.COM/OSVMRLJ.JPG,HTTPS://IMGUR.COM/OSVMRLJ.JPG
3598,æœˆå¤œ,https://i.imgur.com/3F0ylur.jpg
3599,OS1,https://i.imgur.com/xwGVx0A.jpg
3600,å•¦å•¦éšŠ,https://i.imgur.com/NTrHz1O.jpg
3605,UW1,https://i.imgur.com/KtYMqEY.jpg
3606,å¥³å…’ç¯€,https://i.imgur.com/WnrVEdT.jpg
3607,å¿è€…,https://i.imgur.com/PwLtCQX.jpg
3608,å¶åƒ,https://i.imgur.com/8Cld7SD.jpg
3609,æ°´æ‰‹æœ,https://i.imgur.com/5aIZuXT.jpg
3610,ç«¥è©±,https://i.imgur.com/Iwsthb5.jpg
3611,å¥³åƒ•,https://i.imgur.com/b6BimwC.jpg
3612,UW2,https://i.imgur.com/b2ckj0A.jpg
3614,æˆ²æ°´,https://i.imgur.com/rcmthWH.jpg
3615,æ˜Ÿåº§,https://i.imgur.com/jDpMiqz.jpg
3616,èŠ±å«,https://i.imgur.com/n84rUQS.jpg
3617,OS2,HTTPS://I.IMGUR.COM/SQCFJN7.JPG,sQCfjN7,sqcfjN7
3618,@MISSPURE ,https://i.imgur.com/fGQMVGb.jpg
3619,@é›¨é›¨ ,https://i.imgur.com/n01tepy.jpg
3620,@é›¨é›¨ ,https://i.imgur.com/n01tepy.jpg
3623,@â˜…æ½®  æ½®ï¹’ã€å…­å…­ã€ ,HTTPS://I.IMGUR.COM/YSYGU1A.JPG,ysygu1a,YsyGu1A
3624,@â˜…æ½®  æ½®ï¹’ã€å…­å…­ã€ ,HTTPS://I.IMGUR.COM/YSYGU1A.JPG,ysygu1a,YsyGu1A
3627,@å¤œç©ºä¸­çš„é‡‘é­š,https://i.imgur.com/fek91T8.jpg
3628,@å¤œç©ºä¸­çš„é‡‘é­š ,https://i.imgur.com/mYwPETw.jpg
3629,@å¤œç©ºä¸­çš„é‡‘é­š ,https://i.imgur.com/mYwPETw.jpg
3630,@å¤œç©ºä¸­çš„é‡‘é­š,https://i.imgur.com/fek91T8.jpg
3633,è·æ¥­,HTTPS://I.IMGUR.COM/C7YEMHI.JPG,c7YemHI,c7yEmhI
3634,æ¢…é›¨,HTTPS://I.IMGUR.COM/ZWKLZ8Z.JPG,zWkLz8Z,ZWKlZ8z
3637,éœ¸é«”,https://i.imgur.com/cEk9pLV.jpg
3640,R7R82,HTTPS://TRUTH.BAHAMUT.COM.TW/S01/201803/3BF2EF35DD128CEF6ABABE1FC14B2428.JPG,HTTPS://TRUTH.BAHAMUT.COM.TW/S01/201803/3BF2EF35DD128CEF6ABABE1FC14B2428.JPG
3641,R7R81,HTTPS://TRUTH.BAHAMUT.COM.TW/S01/201803/6D88770B79BF3615FD7A1322AA3D3ABD.JPG,HTTPS://TRUTH.BAHAMUT.COM.TW/S01/201803/6D88770B79BF3615FD7A1322AA3D3ABD.JPG
3642,R7R83,HTTPS://TRUTH.BAHAMUT.COM.TW/S01/201803/609C6D0E41569E3FCE55B3EB85D70BB5.JPG,HTTPS://TRUTH.BAHAMUT.COM.TW/S01/201803/609C6D0E41569E3FCE55B3EB85D70BB5.JPG
3643,R7R82,HTTPS://TRUTH.BAHAMUT.COM.TW/S01/201803/3BF2EF35DD128CEF6ABABE1FC14B2428.JPG,HTTPS://TRUTH.BAHAMUT.COM.TW/S01/201803/3BF2EF35DD128CEF6ABABE1FC14B2428.JPG
3644,R7R81,HTTPS://TRUTH.BAHAMUT.COM.TW/S01/201803/6D88770B79BF3615FD7A1322AA3D3ABD.JPG,HTTPS://TRUTH.BAHAMUT.COM.TW/S01/201803/6D88770B79BF3615FD7A1322AA3D3ABD.JPG
3645,R7R83,HTTPS://TRUTH.BAHAMUT.COM.TW/S01/201803/609C6D0E41569E3FCE55B3EB85D70BB5.JPG,HTTPS://TRUTH.BAHAMUT.COM.TW/S01/201803/609C6D0E41569E3FCE55B3EB85D70BB5.JPG
3647,@è‘‰å°å¹³,https://i.imgur.com/KAvUzKG.jpg
3649,@HEAD DESPERATE,https://i.imgur.com/MtaIicE.jpg
3651,@HEAD DESPERATE,https://i.imgur.com/MtaIicE.jpg
3652,@è‘‰å°å¹³,https://i.imgur.com/KAvUzKG.jpg
3653,@COCKROACH,https://i.imgur.com/XTlW7N0.jpg
3654,@å¤©å¤©,https://i.imgur.com/5Ey5Yad.jpg
3655,@ç±³å¯èŠ¸,https://i.imgur.com/FxIxUci.jpg
3656,@COCKROACH,https://i.imgur.com/XTlW7N0.jpg
3660,@CLEAN,https://i.imgur.com/CwdSsyJ.jpg
3661,@â˜˜ï¸ã„“ã„¨ã„šã€ç¨˜â˜˜ï¸,https://i.imgur.com/Wq0hQkL.jpg
3662,@å‡å‡,https://i.imgur.com/DNMNx5W.jpg
3663,@å¤©å¤©,https://i.imgur.com/5Ey5Yad.jpg
3664,@ç±³å¯èŠ¸,https://i.imgur.com/FxIxUci.jpg
3665,@å‡å‡,https://i.imgur.com/DNMNx5W.jpg
3666,@CLEAN,https://i.imgur.com/CwdSsyJ.jpg
3667,@â˜˜ï¸ã„“ã„¨ã„šã€ç¨˜â˜˜ï¸,https://i.imgur.com/Wq0hQkL.jpg
3675,æµ·ç˜,https://i.imgur.com/eliy35s.jpg
3676,ä¸ƒå¤•,https://i.imgur.com/QNqGET1.jpg
3677,æµ´è¡£,https://i.imgur.com/JQRFC4P.jpg
3678,å¤è‰²,https://i.imgur.com/t8uhwct.jpg
3679,ç¥­å…¸,https://i.imgur.com/qsSjmwE.jpg
3680,æµ·ç›œ,https://i.imgur.com/u3Tl0P1.jpg
3681,@ESTHERâœŸ,HTTPS://I.IMGUR.COM/7VMJGJP.JPG,7vmJGjp,7VmJGJp
3682,@ESTHERâœŸ,HTTPS://I.IMGUR.COM/7VMJGJP.JPG,7vmJGjp,7VmJGJp
3683,è¡¨,https://i.imgur.com/TOGi8nz.jpg
3684,@â™¡å¤©å¤©â™¡,https://i.imgur.com/5Ey5Yad.jpg
3686,@â™¡å¤©å¤©â™¡ ,https://i.imgur.com/UQa0dvx.jpg
3687,@â™¡å¤©å¤©â™¡,https://i.imgur.com/5Ey5Yad.jpg
3688,@â™¡å¤©å¤©â™¡ ,https://i.imgur.com/UQa0dvx.jpg
3689,è¡¨ä¸‹è¼‰,ç¶²å€(ONEDRIVE): HTTPS://ONEDRIVE.LIVE.COM/DOWNLOAD?CID=AFF98139D4BAC41F&RESID=AFF98139D4BAC41F%2179056&AUTHKEY=AF30NJXFPEVLKDM&EM=2,HTTPS://ONEDRIVE.LIVE.COM/DOWNLOAD?CID=AFF98139D4BAC41F&RESID=AFF98139D4BAC41F%2179056&AUTHKEY=AF30NJXFPEVLKDM&EM=2
3692,æ—è›‹,https://i.imgur.com/Rrh5kQA.jpg
3693,è¡¨,https://i.imgur.com/C9aQ3Wk.jpg
3703,ç´ æåŠ å€,https://i.imgur.com/Ypj27Kh.jpg
3704,ç´ æåŠ å€,https://i.imgur.com/Ypj27Kh.jpg
3705,ç´ æåŠ å€,https://i.imgur.com/Ypj27Kh.jpg
3716,ç´ æåŠ å€,https://i.imgur.com/LQkP6XW.jpg
3718,R7R82,HTTPS://TRUTH.BAHAMUT.COM.TW/S01/201803/3BF2EF35DD128CEF6ABABE1FC14B2428.JPG,HTTPS://TRUTH.BAHAMUT.COM.TW/S01/201803/3BF2EF35DD128CEF6ABABE1FC14B2428.JPG
3719,R7R81,HTTPS://TRUTH.BAHAMUT.COM.TW/S01/201803/6D88770B79BF3615FD7A1322AA3D3ABD.JPG,HTTPS://TRUTH.BAHAMUT.COM.TW/S01/201803/6D88770B79BF3615FD7A1322AA3D3ABD.JPG
3720,R7R83,HTTPS://TRUTH.BAHAMUT.COM.TW/S01/201803/609C6D0E41569E3FCE55B3EB85D70BB5.JPG,HTTPS://TRUTH.BAHAMUT.COM.TW/S01/201803/609C6D0E41569E3FCE55B3EB85D70BB5.JPG
3722,èç«‹FLAG,https://i.imgur.com/SYlyDwv.jpg
3723,å‹³FLAG,HTTPS://I.IMGUR.COM/KTXFMQ0.JPG,kTxFMq0,KTXFmQ0
3724,èå‘Šç™½,https://i.imgur.com/HL2gfDG.jpg
