159,æ­æ´¾æ°£åŠŸ,https://sdl-stickershop.line.naver.jp/stickershop/v1/sticker/16978172/android/sticker.png
166,æ—¥æœ¬ç¯€æ—¥åƒè€ƒ,http://www.nippon.com/hk/features/h10010/
190,MDçªç ´æ–¹å‘,https://m.gamer.com.tw/forum/C.php?bsn=30599&page=&snA=5896&last=
210,MDå¼•ç¹¼,https://forum.gamer.com.tw/C.php?bsn=30599&snA=415&tnum=2
220,MDé¦–æŠ½ ROOT,é–±è®€é€™ç¯‡æ–‡ä¹‹å‰ï¼Œå¦‚æœä½ ä¸çŸ¥é“ROOTæ˜¯ä»€éº¼çš„è©±ï¼Œè«‹å…ˆè¼¸å…¥ã€ŒMDé¦–æŠ½-RTEXPã€äº†è§£ã€‚\n\nåŸºæœ¬ä¸Šï¼ŒROOTæ‰‹æ©Ÿéƒ½æ˜¯ä¾ç…§ä»¥ä¸‹æ­¥é©Ÿåšçš„:\nADB(æª¢æŸ¥é€£ç·š)â†’FASTBOOT(åˆ·å…¥RECOVERY)â†’å¡åˆ·(SDå¡æ”¾å…¥ROOTçš„åŒ…ï¼Œç„¶å¾Œä½¿ç”¨å‰›å‰›åˆ·å…¥çš„RECOVERYé–‹å•Ÿ)â†’å®Œæˆ\nä¹Ÿå°±æ˜¯èªªï¼ŒROOTåˆ·å…¥çš„éƒ½æ˜¯å…©å€‹æ±è¥¿â†’RECOVERYã€SUPERSU(æˆ–å…¶ä»–åŒé¡çš„ROOTåŒ…)\næ¯”è¼ƒç‰¹åˆ¥çš„æ˜¯ï¼ŒSAMSUNGæ‰‹æ©Ÿï¼Œå¯ä»¥ä½¿ç”¨ODINå®Œæˆåˆ·å…¥RECOVERYã€SUPERSUçš„æ‰‹çºŒã€‚è©³ç´°ROOTèªªæ˜åŠæ•™å­¸è«‹åƒé–± https://goo.gl/r4fIzSã€‚\nå…¶ä»–å» ç‰Œæ‰‹æ©Ÿå¤§éƒ¨åˆ†éƒ½åƒé–±ç¬¬ä¸€æ®µæ‰€è¿°çš„æ–¹æ³•åœ¨åˆ·ï¼Œå› æ–‡å­—é™åˆ¶ï¼Œæ­¤è™•ä¸æä¾›åˆ·æ©Ÿæ–¹æ³•ï¼Œè«‹ä½¿ç”¨è€…è‡ªè¡ŒGOOGLEã€‚GOOGLEæ™‚ï¼Œå¯ä»¥ä½¿ç”¨ä»¥ä¸‹é—œéµå­—çµ„åˆï¼Œæœƒæ¯”è¼ƒå¥½æ‰¾ã€(å» ç‰Œ) (æ‰‹æ©Ÿå‹è™Ÿï¼Œä¾‹å¦‚DESIRE 816) ROOTã€‘ã€‚
222,MDèª²é‡‘,èª²é‡‘æ­¥é©Ÿè«‹é–±è®€é€™ç¯‡: https://goo.gl/8yYUFZ\n\nå¦å¤–ï¼Œæ—¥ç‰ˆçš„è©±å®Œå…¨æŒ‰ç…§é€™ç¯‡æ–‡çš„æ•™å­¸å°±å¯ä»¥ï¼Œåœ‹éš›æ¿çš„è©±ï¼Œå› ç‚ºä¸é©ç”¨æ—¥å¸³ï¼Œç”¨é¡ä¼¼æ–¹æ³•ç”³è«‹Gç¾å¸³ï¼Œé»å¡è³¼è²·USD(ç¾é‡‘)å³å¯ï¼Œå…¶ä»–æ–¹æ³•äº¦åŒã€‚
227,MDäº¤æ˜“,SAOMDäº¤æ˜“ç¤¾åœ˜\nhttps://www.facebook.com/groups/sao.md.exchange/
228,MDäº¤æ˜“ç¤¾åœ˜,SAOMDäº¤æ˜“ç¤¾åœ˜\nhttps://www.facebook.com/groups/sao.md.exchange/
231,MDè£å‚™é¸æ“‡,https://forum.gamer.com.tw/C.php?bsn=30599&snA=4250&tnum=3
232,MDçªç ´,https://m.gamer.com.tw/forum/C.php?bsn=30599&page=&snA=5896
233,CRFB,https://www.facebook.com/groups/sao.cr/
234,è–æ¯è–è© ,https://i.imgur.com/I2cJg2N.jpg
235,ä¾†é»äºçµ²å¨œè½‰æ›å¿ƒæƒ…,https://i.imgur.com/b54jIOT.jpg
236,ä¾†é»æœ‰ç´€è½‰æ›å¿ƒæƒ…,https://i.imgur.com/SEn9XDZ.jpg
241,MDç²¾è¯åœ–,https://i.imgur.com/XJXnS4b.jpg
243,MDç«åŠ›è¨ˆç®—,https://ratsounds.github.io/saomddc/\næ–°ç‰ˆç«åŠ›è¨ˆç®—
366,MDå…¬å‘Š,æ—¥æ–‡å…¬å‘Š\nhttps://api-defrag-ap.wrightflyer.net/webview/announcement?phone_type=2\nè‹±æ–‡å…¬å‘Š\nhttps://api-defrag-ap.wrightflyer.net/webview/announcement?phone_type=2&LANG=EN\nä¸­æ–‡å…¬å‘Š\nhttps://api-defrag-ap.wrightflyer.net/webview/announcement?phone_type=2&LANG=TC
382,MDäº¤æ˜“ç¤¾åœ˜,SAOMDäº¤æ˜“ç¤¾åœ˜\nhttps://www.facebook.com/groups/sao.md.exchange/
364,MDå¼•ç¹¼,https://forum.gamer.com.tw/C.php?bsn=30599&snA=415&tnum=2
374,MDé¦–æŠ½ ROOT,é–±è®€é€™ç¯‡æ–‡ä¹‹å‰ï¼Œå¦‚æœä½ ä¸çŸ¥é“ROOTæ˜¯ä»€éº¼çš„è©±ï¼Œè«‹å…ˆè¼¸å…¥ã€ŒMDé¦–æŠ½-RTEXPã€äº†è§£ã€‚\n\nåŸºæœ¬ä¸Šï¼ŒROOTæ‰‹æ©Ÿéƒ½æ˜¯ä¾ç…§ä»¥ä¸‹æ­¥é©Ÿåšçš„:\nADB(æª¢æŸ¥é€£ç·š)â†’FASTBOOT(åˆ·å…¥RECOVERY)â†’å¡åˆ·(SDå¡æ”¾å…¥ROOTçš„åŒ…ï¼Œç„¶å¾Œä½¿ç”¨å‰›å‰›åˆ·å…¥çš„RECOVERYé–‹å•Ÿ)â†’å®Œæˆ\nä¹Ÿå°±æ˜¯èªªï¼ŒROOTåˆ·å…¥çš„éƒ½æ˜¯å…©å€‹æ±è¥¿â†’RECOVERYã€SUPERSU(æˆ–å…¶ä»–åŒé¡çš„ROOTåŒ…)\næ¯”è¼ƒç‰¹åˆ¥çš„æ˜¯ï¼ŒSAMSUNGæ‰‹æ©Ÿï¼Œå¯ä»¥ä½¿ç”¨ODINå®Œæˆåˆ·å…¥RECOVERYã€SUPERSUçš„æ‰‹çºŒã€‚è©³ç´°ROOTèªªæ˜åŠæ•™å­¸è«‹åƒé–± https://goo.gl/r4fIzSã€‚\nå…¶ä»–å» ç‰Œæ‰‹æ©Ÿå¤§éƒ¨åˆ†éƒ½åƒé–±ç¬¬ä¸€æ®µæ‰€è¿°çš„æ–¹æ³•åœ¨åˆ·ï¼Œå› æ–‡å­—é™åˆ¶ï¼Œæ­¤è™•ä¸æä¾›åˆ·æ©Ÿæ–¹æ³•ï¼Œè«‹ä½¿ç”¨è€…è‡ªè¡ŒGOOGLEã€‚GOOGLEæ™‚ï¼Œå¯ä»¥ä½¿ç”¨ä»¥ä¸‹é—œéµå­—çµ„åˆï¼Œæœƒæ¯”è¼ƒå¥½æ‰¾ã€(å» ç‰Œ) (æ‰‹æ©Ÿå‹è™Ÿï¼Œä¾‹å¦‚DESIRE 816) ROOTã€‘ã€‚
381,MDäº¤æ˜“,SAOMDäº¤æ˜“ç¤¾åœ˜\nhttps://www.facebook.com/groups/sao.md.exchange/
344,MDçªç ´æ–¹å‘,https://m.gamer.com.tw/forum/C.php?bsn=30599&page=&snA=5896&last=
358,MDæ–°æ‰‹,è«‹å–„ç”¨ä»¥ä¸‹è³‡æ–™ä»¥åŠå·´å“ˆç²¾è¯å€ï¼Œè¬è¬~\n\næ–°æ‰‹ä¸Šè·¯â€”â€”è§£ä»»æ¨è–¦æ–¹å‘ï¼ˆé™æ—¥ç‰ˆ\nhttps://forum.gamer.com.tw/C.php?bsn=30599&snA=1435\n\næ–°æ‰‹ä¸€äº›å¿…å‚™çŸ¥è­˜\nhttps://forum.gamer.com.tw/C.php?bsn=30599&snA=1835&tnum=1\n\nå·´å“ˆæ¨è–¦æ–‡ç¸½æ•´ç†\nhttps://forum.gamer.com.tw/C.php?bsn=30599&snA=2247&tnum=1\n\nçµ¦æ–°æ‰‹ç©å®¶çš„å»ºè­°\nhttps://forum.gamer.com.tw/Co.php?bsn=30599&sn=29366
376,MDèª²é‡‘,èª²é‡‘æ­¥é©Ÿè«‹é–±è®€é€™ç¯‡: https://goo.gl/8yYUFZ\n\nå¦å¤–ï¼Œæ—¥ç‰ˆçš„è©±å®Œå…¨æŒ‰ç…§é€™ç¯‡æ–‡çš„æ•™å­¸å°±å¯ä»¥ï¼Œåœ‹éš›æ¿çš„è©±ï¼Œå› ç‚ºä¸é©ç”¨æ—¥å¸³ï¼Œç”¨é¡ä¼¼æ–¹æ³•ç”³è«‹Gç¾å¸³ï¼Œé»å¡è³¼è²·USD(ç¾é‡‘)å³å¯ï¼Œå…¶ä»–æ–¹æ³•äº¦åŒã€‚
385,MDè£å‚™é¸æ“‡,https://forum.gamer.com.tw/C.php?bsn=30599&snA=4250&tnum=3
390,ä¾†é»æœ‰ç´€è½‰æ›å¿ƒæƒ…,https://i.imgur.com/SEn9XDZ.jpg
386,MDçªç ´,https://m.gamer.com.tw/forum/C.php?bsn=30599&page=&snA=5896
388,è–æ¯è–è© ,https://i.imgur.com/I2cJg2N.jpg
387,CRFB,https://www.facebook.com/groups/sao.cr/
397,MDç«åŠ›è¨ˆç®—,https://ratsounds.github.io/saomddc/\næ–°ç‰ˆç«åŠ›è¨ˆç®—
389,ä¾†é»äºçµ²å¨œè½‰æ›å¿ƒæƒ…,https://i.imgur.com/b54jIOT.jpg
395,MDç²¾è¯åœ–,https://i.imgur.com/XJXnS4b.jpg
451,MDé¦–æŠ½ ROOT,é–±è®€é€™ç¯‡æ–‡ä¹‹å‰ï¼Œå¦‚æœä½ ä¸çŸ¥é“ROOTæ˜¯ä»€éº¼çš„è©±ï¼Œè«‹å…ˆè¼¸å…¥ã€ŒMDé¦–æŠ½-RTEXPã€äº†è§£ã€‚\n\nåŸºæœ¬ä¸Šï¼ŒROOTæ‰‹æ©Ÿéƒ½æ˜¯ä¾ç…§ä»¥ä¸‹æ­¥é©Ÿåšçš„:\nADB(æª¢æŸ¥é€£ç·š)â†’FASTBOOT(åˆ·å…¥RECOVERY)â†’å¡åˆ·(SDå¡æ”¾å…¥ROOTçš„åŒ…ï¼Œç„¶å¾Œä½¿ç”¨å‰›å‰›åˆ·å…¥çš„RECOVERYé–‹å•Ÿ)â†’å®Œæˆ\nä¹Ÿå°±æ˜¯èªªï¼ŒROOTåˆ·å…¥çš„éƒ½æ˜¯å…©å€‹æ±è¥¿â†’RECOVERYã€SUPERSU(æˆ–å…¶ä»–åŒé¡çš„ROOTåŒ…)\næ¯”è¼ƒç‰¹åˆ¥çš„æ˜¯ï¼ŒSAMSUNGæ‰‹æ©Ÿï¼Œå¯ä»¥ä½¿ç”¨ODINå®Œæˆåˆ·å…¥RECOVERYã€SUPERSUçš„æ‰‹çºŒã€‚è©³ç´°ROOTèªªæ˜åŠæ•™å­¸è«‹åƒé–± https://goo.gl/r4fIzSã€‚\nå…¶ä»–å» ç‰Œæ‰‹æ©Ÿå¤§éƒ¨åˆ†éƒ½åƒé–±ç¬¬ä¸€æ®µæ‰€è¿°çš„æ–¹æ³•åœ¨åˆ·ï¼Œå› æ–‡å­—é™åˆ¶ï¼Œæ­¤è™•ä¸æä¾›åˆ·æ©Ÿæ–¹æ³•ï¼Œè«‹ä½¿ç”¨è€…è‡ªè¡ŒGOOGLEã€‚GOOGLEæ™‚ï¼Œå¯ä»¥ä½¿ç”¨ä»¥ä¸‹é—œéµå­—çµ„åˆï¼Œæœƒæ¯”è¼ƒå¥½æ‰¾ã€(å» ç‰Œ) (æ‰‹æ©Ÿå‹è™Ÿï¼Œä¾‹å¦‚DESIRE 816) ROOTã€‘ã€‚
441,MDå¼•ç¹¼,https://forum.gamer.com.tw/C.php?bsn=30599&snA=415&tnum=2
459,MDäº¤æ˜“ç¤¾åœ˜,SAOMDäº¤æ˜“ç¤¾åœ˜\nhttps://www.facebook.com/groups/sao.md.exchange/
421,MDçªç ´æ–¹å‘,https://m.gamer.com.tw/forum/C.php?bsn=30599&page=&snA=5896&last=
458,MDäº¤æ˜“,SAOMDäº¤æ˜“ç¤¾åœ˜\nhttps://www.facebook.com/groups/sao.md.exchange/
453,MDèª²é‡‘,èª²é‡‘æ­¥é©Ÿè«‹é–±è®€é€™ç¯‡: https://goo.gl/8yYUFZ\n\nå¦å¤–ï¼Œæ—¥ç‰ˆçš„è©±å®Œå…¨æŒ‰ç…§é€™ç¯‡æ–‡çš„æ•™å­¸å°±å¯ä»¥ï¼Œåœ‹éš›æ¿çš„è©±ï¼Œå› ç‚ºä¸é©ç”¨æ—¥å¸³ï¼Œç”¨é¡ä¼¼æ–¹æ³•ç”³è«‹Gç¾å¸³ï¼Œé»å¡è³¼è²·USD(ç¾é‡‘)å³å¯ï¼Œå…¶ä»–æ–¹æ³•äº¦åŒã€‚
463,MDçªç ´,https://m.gamer.com.tw/forum/C.php?bsn=30599&page=&snA=5896
462,MDè£å‚™é¸æ“‡,https://forum.gamer.com.tw/C.php?bsn=30599&snA=4250&tnum=3
466,ä¾†é»äºçµ²å¨œè½‰æ›å¿ƒæƒ…,https://i.imgur.com/b54jIOT.jpg
464,CRFB,https://www.facebook.com/groups/sao.cr/
465,è–æ¯è–è© ,https://i.imgur.com/I2cJg2N.jpg
472,MDç²¾è¯åœ–,https://i.imgur.com/XJXnS4b.jpg
474,MDç«åŠ›è¨ˆç®—,https://ratsounds.github.io/saomddc/\næ–°ç‰ˆç«åŠ›è¨ˆç®—
467,ä¾†é»æœ‰ç´€è½‰æ›å¿ƒæƒ…,https://i.imgur.com/SEn9XDZ.jpg
535,MDäº¤æ˜“,SAOMDäº¤æ˜“ç¤¾åœ˜\nhttps://www.facebook.com/groups/sao.md.exchange/
536,MDäº¤æ˜“ç¤¾åœ˜,SAOMDäº¤æ˜“ç¤¾åœ˜\nhttps://www.facebook.com/groups/sao.md.exchange/
528,MDé¦–æŠ½ ROOT,é–±è®€é€™ç¯‡æ–‡ä¹‹å‰ï¼Œå¦‚æœä½ ä¸çŸ¥é“ROOTæ˜¯ä»€éº¼çš„è©±ï¼Œè«‹å…ˆè¼¸å…¥ã€ŒMDé¦–æŠ½-RTEXPã€äº†è§£ã€‚\n\nåŸºæœ¬ä¸Šï¼ŒROOTæ‰‹æ©Ÿéƒ½æ˜¯ä¾ç…§ä»¥ä¸‹æ­¥é©Ÿåšçš„:\nADB(æª¢æŸ¥é€£ç·š)â†’FASTBOOT(åˆ·å…¥RECOVERY)â†’å¡åˆ·(SDå¡æ”¾å…¥ROOTçš„åŒ…ï¼Œç„¶å¾Œä½¿ç”¨å‰›å‰›åˆ·å…¥çš„RECOVERYé–‹å•Ÿ)â†’å®Œæˆ\nä¹Ÿå°±æ˜¯èªªï¼ŒROOTåˆ·å…¥çš„éƒ½æ˜¯å…©å€‹æ±è¥¿â†’RECOVERYã€SUPERSU(æˆ–å…¶ä»–åŒé¡çš„ROOTåŒ…)\næ¯”è¼ƒç‰¹åˆ¥çš„æ˜¯ï¼ŒSAMSUNGæ‰‹æ©Ÿï¼Œå¯ä»¥ä½¿ç”¨ODINå®Œæˆåˆ·å…¥RECOVERYã€SUPERSUçš„æ‰‹çºŒã€‚è©³ç´°ROOTèªªæ˜åŠæ•™å­¸è«‹åƒé–± https://goo.gl/r4fIzSã€‚\nå…¶ä»–å» ç‰Œæ‰‹æ©Ÿå¤§éƒ¨åˆ†éƒ½åƒé–±ç¬¬ä¸€æ®µæ‰€è¿°çš„æ–¹æ³•åœ¨åˆ·ï¼Œå› æ–‡å­—é™åˆ¶ï¼Œæ­¤è™•ä¸æä¾›åˆ·æ©Ÿæ–¹æ³•ï¼Œè«‹ä½¿ç”¨è€…è‡ªè¡ŒGOOGLEã€‚GOOGLEæ™‚ï¼Œå¯ä»¥ä½¿ç”¨ä»¥ä¸‹é—œéµå­—çµ„åˆï¼Œæœƒæ¯”è¼ƒå¥½æ‰¾ã€(å» ç‰Œ) (æ‰‹æ©Ÿå‹è™Ÿï¼Œä¾‹å¦‚DESIRE 816) ROOTã€‘ã€‚
518,MDå¼•ç¹¼,https://forum.gamer.com.tw/C.php?bsn=30599&snA=415&tnum=2
498,MDçªç ´æ–¹å‘,https://m.gamer.com.tw/forum/C.php?bsn=30599&page=&snA=5896&last=
530,MDèª²é‡‘,èª²é‡‘æ­¥é©Ÿè«‹é–±è®€é€™ç¯‡: https://goo.gl/8yYUFZ\n\nå¦å¤–ï¼Œæ—¥ç‰ˆçš„è©±å®Œå…¨æŒ‰ç…§é€™ç¯‡æ–‡çš„æ•™å­¸å°±å¯ä»¥ï¼Œåœ‹éš›æ¿çš„è©±ï¼Œå› ç‚ºä¸é©ç”¨æ—¥å¸³ï¼Œç”¨é¡ä¼¼æ–¹æ³•ç”³è«‹Gç¾å¸³ï¼Œé»å¡è³¼è²·USD(ç¾é‡‘)å³å¯ï¼Œå…¶ä»–æ–¹æ³•äº¦åŒã€‚
539,MDè£å‚™é¸æ“‡,https://forum.gamer.com.tw/C.php?bsn=30599&snA=4250&tnum=3
543,ä¾†é»äºçµ²å¨œè½‰æ›å¿ƒæƒ…,https://i.imgur.com/b54jIOT.jpg
542,è–æ¯è–è© ,https://i.imgur.com/I2cJg2N.jpg
541,CRFB,https://www.facebook.com/groups/sao.cr/
540,MDçªç ´,https://m.gamer.com.tw/forum/C.php?bsn=30599&page=&snA=5896
551,MDç«åŠ›è¨ˆç®—,https://ratsounds.github.io/saomddc/\næ–°ç‰ˆç«åŠ›è¨ˆç®—
544,ä¾†é»æœ‰ç´€è½‰æ›å¿ƒæƒ…,https://i.imgur.com/SEn9XDZ.jpg
549,MDç²¾è¯åœ–,https://i.imgur.com/XJXnS4b.jpg
553,MFFå…¬å‘Š,http://www.finalfantasy.jp/mobius/information/news.html
555,IFå®˜ç¶²,http://sao-if.bn-ent.net/
565,D8415B5581A70390924AD645D731A0E36EC5DA707877720383E6234F,https://i.imgur.com/bNXmYwe.jpg
566,D8415B5581A70390924AD645D731A0E36EC5DA707877720383E6234F,https://i.imgur.com/bNXmYwe.jpg
568,ç ¸,https://i.imgur.com/7pQfPUL.jpg
574,è¦–åŠ›æª¢æŸ¥,https://i.imgur.com/MRL2BSZ.jpg
580,æ‰“,https://i.imgur.com/ypqK7Y9.jpg
583,STAR GUARDIAN 2017,https://www.youtube.com/watch?v=_0vaA-8EXjk
601,16816BA514A250F541BEFD83694E7512832D270707A73142E8F2E80E,è‡­ç¾å‘†â‹¯â‹¯äº‚è²¼åœ–ç¦è¨€å¦³å–”
694,ERRURL,http://line-bot-rxjc.herokuapp.com/error
729,F14A724FA1AA3C41A92819175178AF60A464F6BD7D3E27521183B3EE,https://i.imgur.com/IZ4Fz1q.jpg
744,5B0E040C628ED3DD46037DE55A21D92BFE4B053FC7563D495B9686C2,https://i.imgur.com/bNXmYwe.jpg
745,5B0E040C628ED3DD46037DE55A21D92BFE4B053FC7563D495B9686C2,https://i.imgur.com/bNXmYwe.jpg
775,MDçªç ´æ–¹å‘,https://m.gamer.com.tw/forum/C.php?bsn=30599&page=&snA=5896&last=
813,MDäº¤æ˜“ç¤¾åœ˜,SAOMDäº¤æ˜“ç¤¾åœ˜\nhttps://www.facebook.com/groups/sao.md.exchange/
805,MDé¦–æŠ½ ROOT,é–±è®€é€™ç¯‡æ–‡ä¹‹å‰ï¼Œå¦‚æœä½ ä¸çŸ¥é“ROOTæ˜¯ä»€éº¼çš„è©±ï¼Œè«‹å…ˆè¼¸å…¥ã€ŒMDé¦–æŠ½-RTEXPã€äº†è§£ã€‚\n\nåŸºæœ¬ä¸Šï¼ŒROOTæ‰‹æ©Ÿéƒ½æ˜¯ä¾ç…§ä»¥ä¸‹æ­¥é©Ÿåšçš„:\nADB(æª¢æŸ¥é€£ç·š)â†’FASTBOOT(åˆ·å…¥RECOVERY)â†’å¡åˆ·(SDå¡æ”¾å…¥ROOTçš„åŒ…ï¼Œç„¶å¾Œä½¿ç”¨å‰›å‰›åˆ·å…¥çš„RECOVERYé–‹å•Ÿ)â†’å®Œæˆ\nä¹Ÿå°±æ˜¯èªªï¼ŒROOTåˆ·å…¥çš„éƒ½æ˜¯å…©å€‹æ±è¥¿â†’RECOVERYã€SUPERSU(æˆ–å…¶ä»–åŒé¡çš„ROOTåŒ…)\næ¯”è¼ƒç‰¹åˆ¥çš„æ˜¯ï¼ŒSAMSUNGæ‰‹æ©Ÿï¼Œå¯ä»¥ä½¿ç”¨ODINå®Œæˆåˆ·å…¥RECOVERYã€SUPERSUçš„æ‰‹çºŒã€‚è©³ç´°ROOTèªªæ˜åŠæ•™å­¸è«‹åƒé–± https://goo.gl/r4fIzSã€‚\nå…¶ä»–å» ç‰Œæ‰‹æ©Ÿå¤§éƒ¨åˆ†éƒ½åƒé–±ç¬¬ä¸€æ®µæ‰€è¿°çš„æ–¹æ³•åœ¨åˆ·ï¼Œå› æ–‡å­—é™åˆ¶ï¼Œæ­¤è™•ä¸æä¾›åˆ·æ©Ÿæ–¹æ³•ï¼Œè«‹ä½¿ç”¨è€…è‡ªè¡ŒGOOGLEã€‚GOOGLEæ™‚ï¼Œå¯ä»¥ä½¿ç”¨ä»¥ä¸‹é—œéµå­—çµ„åˆï¼Œæœƒæ¯”è¼ƒå¥½æ‰¾ã€(å» ç‰Œ) (æ‰‹æ©Ÿå‹è™Ÿï¼Œä¾‹å¦‚DESIRE 816) ROOTã€‘ã€‚
807,MDèª²é‡‘,èª²é‡‘æ­¥é©Ÿè«‹é–±è®€é€™ç¯‡: https://goo.gl/8yYUFZ\n\nå¦å¤–ï¼Œæ—¥ç‰ˆçš„è©±å®Œå…¨æŒ‰ç…§é€™ç¯‡æ–‡çš„æ•™å­¸å°±å¯ä»¥ï¼Œåœ‹éš›æ¿çš„è©±ï¼Œå› ç‚ºä¸é©ç”¨æ—¥å¸³ï¼Œç”¨é¡ä¼¼æ–¹æ³•ç”³è«‹Gç¾å¸³ï¼Œé»å¡è³¼è²·USD(ç¾é‡‘)å³å¯ï¼Œå…¶ä»–æ–¹æ³•äº¦åŒã€‚
795,MDå¼•ç¹¼,https://forum.gamer.com.tw/C.php?bsn=30599&snA=415&tnum=2
812,MDäº¤æ˜“,SAOMDäº¤æ˜“ç¤¾åœ˜\nhttps://www.facebook.com/groups/sao.md.exchange/
789,MDæ–°æ‰‹,è«‹å–„ç”¨ä»¥ä¸‹è³‡æ–™ä»¥åŠå·´å“ˆç²¾è¯å€ï¼Œè¬è¬~\n\næ–°æ‰‹ä¸Šè·¯â€”â€”è§£ä»»æ¨è–¦æ–¹å‘ï¼ˆé™æ—¥ç‰ˆ\nhttps://forum.gamer.com.tw/C.php?bsn=30599&snA=1435\n\næ–°æ‰‹ä¸€äº›å¿…å‚™çŸ¥è­˜\nhttps://forum.gamer.com.tw/C.php?bsn=30599&snA=1835&tnum=1\n\nå·´å“ˆæ¨è–¦æ–‡ç¸½æ•´ç†\nhttps://forum.gamer.com.tw/C.php?bsn=30599&snA=2247&tnum=1\n\nçµ¦æ–°æ‰‹ç©å®¶çš„å»ºè­°\nhttps://forum.gamer.com.tw/Co.php?bsn=30599&sn=29366
797,MDå…¬å‘Š,æ—¥æ–‡å…¬å‘Š\nhttps://api-defrag-ap.wrightflyer.net/webview/announcement?phone_type=2\nè‹±æ–‡å…¬å‘Š\nhttps://api-defrag-ap.wrightflyer.net/webview/announcement?phone_type=2&LANG=EN\nä¸­æ–‡å…¬å‘Š\nhttps://api-defrag-ap.wrightflyer.net/webview/announcement?phone_type=2&LANG=TC
820,ä¾†é»äºçµ²å¨œè½‰æ›å¿ƒæƒ…,https://i.imgur.com/b54jIOT.jpg
827,MDç«åŠ›è¨ˆç®—,https://ratsounds.github.io/saomddc/\næ–°ç‰ˆç«åŠ›è¨ˆç®—
817,MDçªç ´,https://m.gamer.com.tw/forum/C.php?bsn=30599&page=&snA=5896
821,ä¾†é»æœ‰ç´€è½‰æ›å¿ƒæƒ…,https://i.imgur.com/SEn9XDZ.jpg
816,MDè£å‚™é¸æ“‡,https://forum.gamer.com.tw/C.php?bsn=30599&snA=4250&tnum=3
819,è–æ¯è–è© ,https://i.imgur.com/I2cJg2N.jpg
818,CRFB,https://www.facebook.com/groups/sao.cr/
826,MDç²¾è¯åœ–,https://i.imgur.com/XJXnS4b.jpg
867,é›¨ä¼¶å°±å¯ä»¥äº†,https://i.imgur.com/jK61tPU.jpg
868,é›¨ä¼¶,https://i.imgur.com/uVSKIgZ.jpg
871,é›¨ä¼¶å°±å¯ä»¥äº†,https://i.imgur.com/jK61tPU.jpg
872,é›¨ä¼¶,https://i.imgur.com/uVSKIgZ.jpg
874,é›¨ä¼¶,https://i.imgur.com/uVSKIgZ.jpg
873,é›¨ä¼¶å°±å¯ä»¥äº†,https://i.imgur.com/jK61tPU.jpg
878,ç”¨é›¨ä¼¶å°±å¥½äº†,https://i.imgur.com/jK61tPU.jpg
879,ç”¨é›¨ä¼¶å°±å¥½äº†,https://i.imgur.com/jK61tPU.jpg
880,ç”¨é›¨ä¼¶å°±å¥½äº†,https://i.imgur.com/jK61tPU.jpg
883,ç”¨é›¨ä¼¶å°±å¥½äº†,https://i.imgur.com/jK61tPU.jpg
881,é›¨ä¼¶å°±å¯ä»¥äº†,https://i.imgur.com/jK61tPU.jpg
882,é›¨ä¼¶,https://i.imgur.com/uVSKIgZ.jpg
895,@K,https://i.imgur.com/voRusJz.jpg
901,æ‹›ç”Ÿè¡¨é€£çµ,https://goo.gl/SrEoku
905,ç”¨é›¨ä¼¶å°±å¥½äº†,https://i.imgur.com/jK61tPU.jpg
904,é›¨ä¼¶å°±å¯ä»¥äº†,https://i.imgur.com/jK61tPU.jpg
903,é›¨ä¼¶,https://i.imgur.com/uVSKIgZ.jpg
912,74459B8194060CFD7EE62AEF60AB712B34EE2C0601F082D3DCFB3D87,æ­¤åœ–ç”±KAIæŠ„è¥²æ°´æ¯ã€è¬æ‰¿ç’‹ã€è½ç’ƒä»¥åŠRATSOUNDSä¹‹å¿ƒè¡€æ‰€è£½æˆ
913,74459B8194060CFD7EE62AEF60AB712B34EE2C0601F082D3DCFB3D87,æ­¤åœ–ç”±KAIæŠ„è¥²æ°´æ¯ã€è¬æ‰¿ç’‹ã€è½ç’ƒä»¥åŠRATSOUNDSä¹‹å¿ƒè¡€æ‰€è£½æˆ
914,74459B8194060CFD7EE62AEF60AB712B34EE2C0601F082D3DCFB3D87,æ­¤åœ–ç”±KAIæŠ„è¥²æ°´æ¯ã€è¬æ‰¿ç’‹ã€è½ç’ƒä»¥åŠRATSOUNDSä¹‹å¿ƒè¡€æ‰€è£½æˆ
915,74459B8194060CFD7EE62AEF60AB712B34EE2C0601F082D3DCFB3D87,æ­¤åœ–ç”±KAIæŠ„è¥²æ°´æ¯ã€è¬æ‰¿ç’‹ã€è½ç’ƒä»¥åŠRATSOUNDSä¹‹å¿ƒè¡€æ‰€è£½æˆ
916,74459B8194060CFD7EE62AEF60AB712B34EE2C0601F082D3DCFB3D87,æ­¤åœ–ç”±KAIæŠ„è¥²æ°´æ¯ã€è¬æ‰¿ç’‹ã€è½ç’ƒä»¥åŠRATSOUNDSä¹‹å¿ƒè¡€æ‰€è£½æˆ
969,MDå…¬å‘Š,https://api-defrag-ap.wrightflyer.net/webview/announcement?phone_type=2&lang=tc
975,MDå…¬å‘Š,æ—¥æ–‡å…¬å‘Š\nhttps://api-defrag-ap.wrightflyer.net/webview/announcement?phone_type=2\nè‹±æ–‡å…¬å‘Š\nhttps://api-defrag-ap.wrightflyer.net/webview/announcement?phone_type=2&LANG=EN\nä¸­æ–‡å…¬å‘Š\nhttps://api-defrag-ap.wrightflyer.net/webview/announcement?phone_type=2&LANG=TC
976,MDå…¬å‘Š,æ—¥æ–‡å…¬å‘Š\nhttps://api-defrag-ap.wrightflyer.net/webview/announcement?phone_type=2\nè‹±æ–‡å…¬å‘Š\nhttps://api-defrag-ap.wrightflyer.net/webview/announcement?phone_type=2&LANG=EN\nä¸­æ–‡å…¬å‘Š\nhttps://api-defrag-ap.wrightflyer.net/webview/announcement?phone_type=2&LANG=TC
1011,ç”¨é›¨ä¼¶å°±å¥½äº†,https://i.imgur.com/jK61tPU.jpg
1051,74459B8194060CFD7EE62AEF60AB712B34EE2C0601F082D3DCFB3D87,æ­¤åœ–ç”±KAIæŠ„è¥²æ°´æ¯ã€è¬æ‰¿ç’‹ã€è½ç’ƒä»¥åŠRATSOUNDSä¹‹å¿ƒè¡€æ‰€è£½æˆ
1036,MDçªç ´æ–¹å‘,https://m.gamer.com.tw/forum/C.php?bsn=30599&page=&snA=5896&last=
1049,é›¨ä¼¶å°±å¯ä»¥äº†,https://i.imgur.com/jK61tPU.jpg
1050,é›¨ä¼¶,https://i.imgur.com/uVSKIgZ.jpg
1060,è¾²,ç¬¬ä¸€ç« æœªæ˜(2 AP 4 STAGE) - EXP 2814ã€çŸ³é ­æ‰è½é«˜ã€æ€¥è¾²çŸ³ã€‘\nç¬¬å…«ç« å¤©å®ˆ(8 AP 8 STAGE) - EXP 10376ï¼Œæ©Ÿç‡æ‰è½æ°´æ™¶ã€4æ˜ŸDNAã€é‡‘éŒ¢(ç´„10K~30K)ã€é­”çŸ³ã€æœ€é«˜CPã€‘\nFFXä¸€ç« å°¾åœ– - é‡‘æˆ°åœ°(8 AP 8 STAGE) - EXP 8888ï¼Œæ©Ÿç‡æ‰è½å–®å±¬ç¨®å­1M-1ã€è¾²ç¨®å„ªã€‘\n\né‡‘æˆ°åœ°æ‰è½ç‹€æ³è¡¨ - https://1drv.ms/x/s!Ah_EutQ5gfmvhINIbCepL8nnoUqi1Q
1061,MFFè¾²åœ–,ç¬¬ä¸€ç« æœªæ˜(2 AP 4 STAGE) - EXP 2814ã€çŸ³é ­æ‰è½é«˜ã€æ€¥è¾²çŸ³ã€‘\nç¬¬å…«ç« å¤©å®ˆ(8 AP 8 STAGE) - EXP 10376ï¼Œæ©Ÿç‡æ‰è½æ°´æ™¶ã€4æ˜ŸDNAã€é‡‘éŒ¢(ç´„10K~30K)ã€é­”çŸ³ã€æœ€é«˜CPã€‘\nFFXä¸€ç« å°¾åœ– - é‡‘æˆ°åœ°(8 AP 8 STAGE) - EXP 8888ï¼Œæ©Ÿç‡æ‰è½å–®å±¬ç¨®å­1M-1ã€è¾²ç¨®å„ªã€‘\n\né‡‘æˆ°åœ°æ‰è½ç‹€æ³è¡¨ - https://1drv.ms/x/s!Ah_EutQ5gfmvhINIbCepL8nnoUqi1Q
1063,MDç«åŠ›è¨ˆç®—,https://ratsounds.github.io/saomddc/\næ–°ç‰ˆç«åŠ›è¨ˆç®—
1071,ä¾†é»è‰æ³•è½‰æ›å¿ƒæƒ…,https://i.imgur.com/WmHapEl.jpg
1073,MDå…¬å‘Š,æ—¥æ–‡å…¬å‘Š\nhttps://api-defrag-ap.wrightflyer.net/webview/announcement?phone_type=2\nè‹±æ–‡å…¬å‘Š\nhttps://api-defrag-ap.wrightflyer.net/webview/announcement?phone_type=2&LANG=EN\nä¸­æ–‡å…¬å‘Š\nhttps://api-defrag-ap.wrightflyer.net/webview/announcement?phone_type=2&LANG=TC
1109,51476E9355667D465F94499E3CA357F48927DC31E85C9DA560140155,æˆ‘è¦ºå¾—å¯ä»¥
1111,MDæ°´æ¯,https://i.imgur.com/4Wg1qTG.jpg
1148,MDæ°´æ¯,https://i.imgur.com/4Wg1qTG.jpg
1152,æ­¡è¿,https://i.imgur.com/8EWW7Qq.jpg
1171,MDå…¬å‘Š,æ—¥æ–‡å…¬å‘Š\nhttps://api-defrag-ap.wrightflyer.net/webview/announcement?phone_type=2\nè‹±æ–‡å…¬å‘Š\nhttps://api-defrag-ap.wrightflyer.net/webview/announcement?phone_type=2&LANG=EN\nä¸­æ–‡å…¬å‘Š\nhttps://api-defrag-ap.wrightflyer.net/webview/announcement?phone_type=2&LANG=TC
1189,åŠç³»æ­¦å™¨,https://i.imgur.com/removed.png
1271,å…«å¦,https://i.imgur.com/Gl9PMV6.jpg
1322,@HEAD & SO EASY ,https://i.imgur.com/xEfsbF1.jpg
1342,MDç²¾è¯,https://i.imgur.com/5zg8cdL.jpg
1343,MDç²¾è¯,https://i.imgur.com/5zg8cdL.jpg
1344,B77FBD82BFBB30CC0FD04AEE3CA67A62671EC1EBD82C3BB93A325DC2,UCCUï¼Œä¸€å¤©åˆ°æ™šé™¤äº†æäº‹ä»€éº¼éƒ½ä¸æœƒ
1345,æäº‹,https://i.imgur.com/mTQ5qsU.jpg
1346,BACBA4BF19A029DE20196E76BFE4FBA09D386AC6196379FA22A20793,\å†ä¸æ‰“å°±è¸¹å‡ºå»/\å†ä¸æ‰“å°±è¸¹å‡ºå»/\å†ä¸æ‰“å°±è¸¹å‡ºå»/
1353,DNA,https://i.imgur.com/KsarLG2.jpg
1367,æ‰è½,æœªæ˜ä¹‹æ£®\nhttps://1drv.ms/x/s!Ah_EutQ5gfmvhIQgqQm6kFIsmHT8uw\né‡‘æˆ°åœ°\nhttps://1drv.ms/x/s!Ah_EutQ5gfmvhINIbCepL8nnoUqi1Q\nå¤©å®ˆ\nhttps://1drv.ms/x/s!Ah_EutQ5gfmvhIQ1wiwmIh4jhSTQwA\nHTTPS://1DRV.MS/X/S!AH_EUTQ5GFMVHIQGQQM6KFISMHT8UW\né‡‘æˆ°åœ°\nHTTPS://1DRV.MS/X/S!AH_EUTQ5GFMVHINIBCEPL8NNOUQI1Q\nå¤©å®ˆ\nHTTPS://1DRV.MS/X/S!AH_EUTQ5GFMVHIQ1WIWMIH4JHSTQWA
1374,D6,http://event.wasabii.com.tw/sw/171030_Pataboss/index.aspx
1383,MDç²¾è¯,https://i.imgur.com/5zg8cdL.jpg
1388,MDç²¾è¯,https://i.imgur.com/5zg8cdL.jpg
1389,MDç²¾è¯,https://i.imgur.com/5zg8cdL.jpg
1391,MDç²¾è¯,https://i.imgur.com/5zg8cdL.jpg
1392,MDç²¾è¯,https://i.imgur.com/5zg8cdL.jpg
1393,MDç²¾è¯,https://i.imgur.com/5zg8cdL.jpg
1413,é€èŠ±,https://i.imgur.com/WSSdliz.jpg
1414,é€æ­ª,https://i.imgur.com/kp91ISW.jpg
1415,é€ç™½çœ¼,https://i.imgur.com/gau5wt2.jpg
1419,é€ç”·,https://i.imgur.com/UNMww9w.jpg
1420,é€5,https://i.imgur.com/uVBHsmG.jpg
1421,é€6,https://i.imgur.com/pWX8q7o.jpg
1423,é€5,https://i.imgur.com/uVBHsmG.jpg
1424,é€6,https://i.imgur.com/pWX8q7o.jpg
1425,é€1,https://i.imgur.com/WSSdliz.jpg
1426,é€2,https://i.imgur.com/kp91ISW.jpg
1427,é€3,https://i.imgur.com/gau5wt2.jpg
1428,é€4,https://i.imgur.com/UNMww9w.jpg
1431,é€,https://i.imgur.com/zCKA9R1.jpg
1432,é€9,https://i.imgur.com/YwdJYJ6.jpg
1433,é€10,https://i.imgur.com/t7bE4l9.jpg
1434,é€7,https://i.imgur.com/iPPR78z.jpg
1435,é€8,https://i.imgur.com/zCKA9R1.jpg
1437,é€8,https://i.imgur.com/zCKA9R1.jpg
1436,é€7,https://i.imgur.com/iPPR78z.jpg
1438,é€9,https://i.imgur.com/YwdJYJ6.jpg
1439,é€10,https://i.imgur.com/t7bE4l9.jpg
1445,MDç²¾è¯,https://i.imgur.com/ry4mrA2.jpg
1452,@éŒ¢ ,https://i.imgur.com/B0SOd1e.jpg
1462,D6,http://event.wasabii.com.tw/sw/171030_Pataboss/index.aspx
1500,MDç«åŠ›è¨ˆç®—,https://ratsounds.github.io/saomddc/\næ–°ç‰ˆç«åŠ›è¨ˆç®—
1506,å•¦å•¦éšŠSTREA,https://i.imgur.com/mcXqbfT.jpg
1507,åˆ¶æœSTREA,https://i.imgur.com/rREqjBY.jpg
1509,è‚,https://i.imgur.com/VeY61va.jpg
1514,MDç²¾è¯,https://i.imgur.com/ry4mrA2.jpg
1529,CONNER,https://i.imgur.com/CvM0kNd.jpg
1530,Cå¤§,https://i.imgur.com/CvM0kNd.jpg
1532,å€‰é¼ èºæ—‹ä¸¸,https://i.imgur.com/02Apvzi.jpg
1533,åœ°çˆ†å¤©æ˜Ÿ,https://i.imgur.com/scLucE3.jpg
1548,æ¶µç³,https://i.imgur.com/oZtdlgE.jpg
1549,åœ°çˆ†å¤©æ˜Ÿ,https://i.imgur.com/scLucE3.jpg
1559,å€‰é¼ èºæ—‹ä¸¸,https://i.imgur.com/02Apvzi.jpg
1560,åœ°çˆ†å¤©æ˜Ÿ,https://i.imgur.com/scLucE3.jpg
1565,@çµ•æœ›ã®è‹±é›„ ,https://i.imgur.com/st0D13A.jpg
1582,è‚,https://i.imgur.com/VeY61va.jpg
1588,MDç²¾è¯,https://i.imgur.com/uEP3qQc.jpg
1589,ç´ æåœ–,https://i.imgur.com/wTg0pR9.jpg
1590,ç´ æåœ–,https://i.imgur.com/wTg0pR9.jpg
1603,æ¶µå…”,https://i.imgur.com/PI1jbbb.jpg
1605,çç,https://i.imgur.com/ufZzpeK.jpg
1608,ç´ æåœ–,https://i.imgur.com/wTg0pR9.jpg
1616,é€12,https://i.imgur.com/bwrvt2d.jpg
1617,é€11,https://i.imgur.com/iQzvVcH.jpg
1618,é€14,https://i.imgur.com/Kdx3PdW.jpg
1619,é€13,https://i.imgur.com/GEoUM5U.jpg
1620,é€20,https://i.imgur.com/14QTHpX.jpg
1621,é€17,https://i.imgur.com/mslbB3i.jpg
1622,é€15,https://i.imgur.com/AzKq2Hx.jpg
1623,é€18,https://i.imgur.com/3yLoqTH.jpg
1624,é€16,https://i.imgur.com/muYjAxz.jpg
1625,é€19,https://i.imgur.com/0U5HuUS.jpg
1630,KENç—…æ¯’,https://i.imgur.com/CdkBwDJ.jpg
1632,KENç—…æ¯’,https://i.imgur.com/CdkBwDJ.jpg
1645,è«‹å–„ç”¨ä»¥ä¸‹è³‡æ–™ä»¥åŠå·´å“ˆç²¾è¯å€ï¼Œè¬è¬~\nä¸€äº›æ–°æ‰‹å¿…é ˆçŸ¥é“çš„äº‹æƒ…(æ•´ç†ç‰ˆ)\n https://forum.gamer.com.tw/Co.php?bsn=30599&sn=34749 \n,å·´å“ˆæ¨è–¦æ–‡ç¸½æ•´ç†\n https://forum.gamer.com.tw/C.php?bsn=30599&snA=2247&tnum=1 \n
1646,MDæ–°æ‰‹,è«‹å–„ç”¨ä»¥ä¸‹è³‡æ–™ä»¥åŠå·´å“ˆç²¾è¯å€ï¼Œè¬è¬~\nä¸€äº›æ–°æ‰‹å¿…é ˆçŸ¥é“çš„äº‹æƒ…(æ•´ç†ç‰ˆ)\n https://forum.gamer.com.tw/co.php?bsn=30599&sn=34749 \nå·´å“ˆæ¨è–¦æ–‡ç¸½æ•´ç†\n https://forum.gamer.com.tw/C.php?bsn=30599&snA=2247&tnum=1 \n
1647,MDæ–°æ‰‹,è«‹å–„ç”¨ä»¥ä¸‹è³‡æ–™ä»¥åŠå·´å“ˆç²¾è¯å€ï¼Œè¬è¬~\nä¸€äº›æ–°æ‰‹å¿…é ˆçŸ¥é“çš„äº‹æƒ…(æ•´ç†ç‰ˆ)\n https://forum.gamer.com.tw/co.php?bsn=30599&sn=34749 \nå·´å“ˆæ¨è–¦æ–‡ç¸½æ•´ç†\n https://forum.gamer.com.tw/C.php?bsn=30599&snA=2247&tnum=1 \n
1648,MDæ–°æ‰‹,è«‹å–„ç”¨ä»¥ä¸‹è³‡æ–™ä»¥åŠå·´å“ˆç²¾è¯å€ï¼Œè¬è¬~\nä¸€äº›æ–°æ‰‹å¿…é ˆçŸ¥é“çš„äº‹æƒ…(æ•´ç†ç‰ˆ)\n https://forum.gamer.com.tw/co.php?bsn=30599&sn=34749 \nå·´å“ˆæ¨è–¦æ–‡ç¸½æ•´ç†\n https://forum.gamer.com.tw/C.php?bsn=30599&snA=2247&tnum=1 \n
1649,MDæ–°æ‰‹,è«‹å–„ç”¨ä»¥ä¸‹è³‡æ–™ä»¥åŠå·´å“ˆç²¾è¯å€ï¼Œè¬è¬~\nä¸€äº›æ–°æ‰‹å¿…é ˆçŸ¥é“çš„äº‹æƒ…(æ•´ç†ç‰ˆ)\n https://forum.gamer.com.tw/co.php?bsn=30599&sn=34749 \nå·´å“ˆæ¨è–¦æ–‡ç¸½æ•´ç†\n https://forum.gamer.com.tw/C.php?bsn=30599&snA=2247&tnum=1 \n
1650,MDæ–°æ‰‹,è«‹å–„ç”¨ä»¥ä¸‹è³‡æ–™ä»¥åŠå·´å“ˆç²¾è¯å€ï¼Œè¬è¬~\nä¸€äº›æ–°æ‰‹å¿…é ˆçŸ¥é“çš„äº‹æƒ…(æ•´ç†ç‰ˆ)\n https://forum.gamer.com.tw/co.php?bsn=30599&sn=34749 \nå·´å“ˆæ¨è–¦æ–‡ç¸½æ•´ç†\n https://forum.gamer.com.tw/C.php?bsn=30599&snA=2247&tnum=1 \n
1651,MDæ–°æ‰‹,è«‹å–„ç”¨ä»¥ä¸‹è³‡æ–™ä»¥åŠå·´å“ˆç²¾è¯å€ï¼Œè¬è¬~\nä¸€äº›æ–°æ‰‹å¿…é ˆçŸ¥é“çš„äº‹æƒ…(æ•´ç†ç‰ˆ)\n https://forum.gamer.com.tw/co.php?bsn=30599&sn=34749 \nå·´å“ˆæ¨è–¦æ–‡ç¸½æ•´ç†\n https://forum.gamer.com.tw/C.php?bsn=30599&snA=2247&tnum=1 \n
1664,DNA,https://i.imgur.com/KsarLG2.jpg
1665,æ‰è½,æœªæ˜ä¹‹æ£®\nhttps://1drv.ms/x/s!Ah_EutQ5gfmvhIQgqQm6kFIsmHT8uw\né‡‘æˆ°åœ°\nhttps://1drv.ms/x/s!Ah_EutQ5gfmvhINIbCepL8nnoUqi1Q\nå¤©å®ˆ\nhttps://1drv.ms/x/s!Ah_EutQ5gfmvhIQ1wiwmIh4jhSTQwA
1653,MFFå…¬å‘Š,http://www.finalfantasy.jp/mobius/information/news.html
1667,å€‰é¼ èºæ—‹ä¸¸,https://i.imgur.com/02Apvzi.jpg
1668,åœ°çˆ†å¤©æ˜Ÿ,https://i.imgur.com/scLucE3.jpg
1661,åŠç³»æ­¦å™¨,https://i.imgur.com/removed.png
1687,@æµšè±åœ‹éš›ğŸ’•å¯Œå“¥ğŸ’•éŒ¢éŒ¢ğŸ’• ,https://i.imgur.com/qYdaJV7.jpg
1689,@é«˜è¯å¾· ,https://i.imgur.com/N6isHIZ.jpg
1695,@ç­é•· ,https://i.imgur.com/eR4Giq4.jpg
1700,@ç™½ğŸˆ ,https://i.imgur.com/ZZ0EAr1.jpg
1721,@å°ç™½ ,https://i.imgur.com/Lh1bAP6.jpg
1722,@è‰¾ELEANOR TOPğŸ“ ,https://i.imgur.com/4pxAYIb.jpg
1727,@ğŸ‘»è¨±é»‘é»‘ğŸ‘» ,https://i.imgur.com/Ii2fGxl.jpg
1729,@MICHELLE ,https://i.imgur.com/5YzheT3.jpg
1730,@áƒ¦MAY MAY ~â™¥.â€§â˜….â€§ğŸŒ¹.â€§ ,https://i.imgur.com/t38q8pt.jpg
1736,è¦–åŠ›æª¢æŸ¥,https://i.imgur.com/MRL2BSZ.jpg
1741,@è³€ ,https://i.imgur.com/qv7ol4N.jpg
1742,@Â°å¾®âœšã‚â€¿âœªå¤œç©ºã®æ˜Ÿâ™ªâ„¢ ,https://i.imgur.com/2ZGNVzI.jpg
1743,@é‡‘é­šğŸ’‹ ,https://i.imgur.com/88j404o.jpg
1744,@HEAD RELAXED ,https://i.imgur.com/9VuXLle.jpg
1751,KENç—…æ¯’,https://i.imgur.com/CdkBwDJ.jpg
1767,å¤¢1,https://i.imgur.com/VWixD9W.jpg
1774,çˆ¬æ–‡,https://i.imgur.com/EOrCwU2.jpg
1798,æˆå°±,https://forum.gamer.com.tw/C.php?bsn=33094&snA=91&tnum=1
1799,è£å‚™,https://forum.gamer.com.tw/C.php?bsn=33094&snA=92&tnum=1
1801,è§£åŒ…,éŸ³æ¨‚ã€éŸ³æ•ˆï¼ŒèªéŸ³:https://goo.gl/FcuCHx\næ­¦å™¨: https://t.co/FkJh0N9AOg\nBOSS: https://m.vk.com/album-153924492_249128082
1802,è§’è‰²åƒæ•¸,https://forum.gamer.com.tw/C.php?bsn=33094&snA=95&tnum=1
1803,æŠ€èƒ½,https://forum.gamer.com.tw/C.php?bsn=33094&snA=99&tnum=1
1814,éæ´²äºº,https://i.imgur.com/xJuBSGz.jpg
1834,å™“,https://i.imgur.com/XHeDFwz.jpg
1836,ç´ æ,https://appmedia.jp/sao-if/1296441 (æ—¥æ–‡)
1845,BOSS,è«‹é»æ­¤: https://goo.gl/cceP7a\n\néƒ¨åˆ†è³‡æ–™ä¾†æºä¾†è‡ª http://zero4913.hatenablog.jp/entry/2017/03/12/113250
1854,é­š1,https://i.imgur.com/BDb0Fei.jpg
1857,é€21,https://i.imgur.com/Wtxu0ur.jpg
1859,é­š2,https://i.imgur.com/RyqV13G.jpg
1860,é­š3,https://i.imgur.com/kr8jrMr.jpg
1861,@ã‚¤ãƒ¼ã¡ã‚ƒã‚“(ä¼Šé†¬),https://i.imgur.com/PTcmY5y.jpg
1862,éæ´²äºº,https://i.imgur.com/xJuBSGz.jpg
1874,ä¸»æ’­è³‡è¨Š,1874,ä¸»æ’­è³‡è¨Š,ğŸŒŸT-JIM.é»ƒé€ é–‹æ’­æ™‚é–“ï¼šæ™šä¸Š\nhttps://s.ipair.com/R6DW83G7PZHU\nğŸŒŸè³œæˆ‘å¤¢å¢ƒ é–‹æ’­æ™‚é–“ï¼š\nhttps://s.ipair.com/WWQ7GN8G7ZVB\nğŸŒŸK é–‹æ’­æ™‚é–“ï¼šæ™šä¸Š\nhttps://s.ipair.com/HWPH636CQ8TA\nğŸŒŸå¦¤å©· é–‹æ’­æ™‚é–“ï¼šæ™šä¸Š\nhttps://s.ipair.com/U8N6DD4XWPYC\nğŸŒŸæ—»è«º é–‹æ’­æ™‚é–“ï¼šæ™šä¸Š\nhttps://s.ipair.com/9W2QUABBN9D5\nğŸŒŸæœ¬å®®åå­—å«é‡‘é­š é–‹æ’­æ™‚é–“ï¼š\nhttps://s.ipair.com/EHU937XQMX7U\nğŸŒŸæ„›ç˜‹å¦® é–‹æ’­æ™‚é–“ï¼š\nhttps://s.ipair.com/GZP2MD59FDAG\nğŸŒŸå…‹æ–¯æ‰˜ é–‹æ’­æ™‚é–“ï¼š\n https://s.ipair.com/QD7R4NJUMS4G\nğŸŒŸè¶ é–‹æ’­æ™‚é–“ï¼š\nhttps://s.ipair.com/FA3P6DCDE4XF\nğŸŒŸå€ªå€ª é–‹æ’­æ™‚é–“ï¼š\nhttps://s.ipair.com/8GRAFGPSPDRW\nğŸŒŸè²è² é–‹æ’­æ™‚é–“ï¼š\nhttps://s.ipair.com/X2ADCNPRZYFD\nğŸŒŸè‰¾çµ²æ·‡ é–‹æ’­æ™‚é–“ï¼š\nhttps://s.ipair.com/STAZ87G7P4N2\nğŸŒŸè¦å±• é–‹æ’­æ™‚é–“ï¼šæ™šä¸Š\n https://s.ipair.com/3694U6B5SM64\nğŸŒŸåƒè²¨å‰å…’ é–‹æ’­æ™‚é–“ï¼š\n https://s.ipair.com/RTZFVY3RKQXZ\nğŸŒŸç¾å‘† é–‹æ’­æ™‚é–“ï¼šæ™šä¸Š\nhttps://s.ipair.com/W38NVX6TT4UA\nğŸŒŸåˆå» é–‹æ’­æ™‚é–“ï¼šæ™šä¸Š\nhttps://s.ipair.com/DRS2KNVNEJBX\nğŸŒŸèœèœå­æ•™ä¸» é–‹æ’­æ™‚é–“ï¼šæ™šä¸Š\nhttps://s.ipair.com/MB7PA3HUJDVK\nğŸŒŸæ™´ é–‹æ’­æ™‚é–“ï¼š\nhttps://s.ipair.com/7HMNX6GDTJQ3\nğŸŒŸé¦™è‡è±¬ é–‹æ’­æ™‚é–“ï¼š\nhttps://s.ipair.com/V8VP5J96QTGC\nğŸŒŸç«¥ç«¥ é–‹æ’­æ™‚é–“ï¼šæ™šä¸Š\nhttps://s.ipair.com/4ZS66D9X6H97\nğŸŒŸé¦™é¦™ é–‹æ’­æ™‚é–“ï¼šæ™šä¸Š\nhttps://s.ipair.com/CQN4VQEPRZJW\nğŸŒŸå‚»å¯¶ é–‹æ’­æ™‚é–“ï¼š\nhttps://s.ipair.com/5BEVUUHA4ZDY\nğŸŒŸè‹¡è± é–‹æ’­æ™‚é–“ï¼šæ™šä¸Š\nhttps://s.ipair.com/9S8UFVVH7YMG\nğŸŒŸè‘‡è‘‡ é–‹æ’­æ™‚é–“ï¼š\nhttps://s.ipair.com/2AAPCTA55CYP\nğŸŒŸADA é–‹æ’­æ™‚é–“ï¼š\nhttps://s.ipair.com/7AB2ASCTR9P9\nğŸŒŸæ€æ€ é–‹æ’­æ™‚é–“ï¼š\nhttps://s.ipair.com/7H92RBY4JY5B\nğŸŒŸå‡±è‰ é–‹æ’­æ™‚é–“ï¼š\nhttps://s.ipair.com/6PHDAFZ3DNBG\nğŸŒŸå‚‘å¤«éµç›¤ é–‹æ’­æ™‚é–“ï¼š\nhttps://s.ipair.com/MHAHWSGRF44E\nğŸŒŸæµ©å­ é–‹æ’­æ™‚é–“ï¼š\nhttps://s.ipair.com/XVWGK4RT6Z9R\n ğŸŒŸKEY é–‹æ’­æ™‚é–“ï¼š\nhttps://s.ipair.com/8SSG3N67JBE4\nğŸŒŸè“‰è“‰ é–‹æ’­æ™‚é–“ï¼š\nhttps://s.ipair.com/NNE6PZMZJSTD\n
1886,@ğŸŒ¹è©¹AMY ,https://i.imgur.com/VL0KTIW.jpg
1891,@å¿—é´»@å‚‘å¤«ğŸ¹ ,https://i.imgur.com/2Fm2Khv.jpg
1893,@KASTREL ,https://i.imgur.com/BQg3IXP.jpg
1894,@âœ¨å°é¦™ğŸŒ¸ ,https://i.imgur.com/S8T1bYw.jpg
1895,@å‘‚æ€ğŸ¥ ,https://i.imgur.com/Gh7prob.jpg
1900,@è² FEI ,https://i.imgur.com/kDlK74n.jpg
1902,@æœ¬å®®åå­—å«é‡‘é­šğŸ’‹ ,https://i.imgur.com/Xvp4hwt.jpg
1905,@â˜«NI NIâ˜« ,https://i.imgur.com/eS7hodB.jpg
1906,@ğŸ¬ã¯ã­â¦æ½¼ğŸ¬ ,https://i.imgur.com/yto3HW9.jpg
1908,@JIANG ,https://i.imgur.com/snM5AUf.jpg
1911,de05ad4a4d7d8d6988f4538fd04da2d04085a5e309d7087f8faebd80,https://i.imgur.com/AzzO5Zj.jpg
1912,MDç²¾è¯,https://i.imgur.com/AzzO5Zj.jpg
1921,@FRANKIE W ,https://i.imgur.com/wr3oWT2.jpg
1933,ç¾1,https://i.imgur.com/3U9xGhX.jpg
1934,ç¾2,https://i.imgur.com/zcPXvNt.jpg
1935,ç¾3,https://i.imgur.com/QjQlGUm.jpg
1936,ç¾4,https://i.imgur.com/glwQhD7.jpg
1979,ç«¥1,https://i.imgur.com/pE8B88j.jpg
1981,@à¼ºà¼ƒå€ªà¼’å€ªà¼ƒà¼» ,https://i.imgur.com/rvQoEfi.jpg
1982,é­š5,https://i.imgur.com/FJZ0AuD.jpg
1983,é­š4,https://i.imgur.com/ye5hZ6t.jpg
1984,é­š6,https://i.imgur.com/4fYi4an.jpg
1985,é­š8,https://i.imgur.com/JKQzZhS.jpg
1986,é­š9,https://i.imgur.com/cLAIfDk.jpg
1987,é­š7,https://i.imgur.com/dAGfWgW.jpg
1990,èœ4,https://i.imgur.com/Y0scDE5.jpg
1992,èœ8,https://i.imgur.com/bMWgtWH.jpg
1995,èœ5,https://i.imgur.com/bOdadQk.jpg
1996,èœ6,https://i.imgur.com/pUXCQwl.jpg
1998,èœ11,https://i.imgur.com/44sqFE1.jpg
1999,èœ12,https://i.imgur.com/G3s5ytR.jpg
2001,èœ1,https://i.imgur.com/i5rAfA5.jpg
2011,é­š5,https://i.imgur.com/FJZ0AuD.jpg
2012,é­š4,https://i.imgur.com/ye5hZ6t.jpg
2013,é­š6,https://i.imgur.com/4fYi4an.jpg
2014,é­š9,https://i.imgur.com/cLAIfDk.jpg
2015,é­š7,https://i.imgur.com/dAGfWgW.jpg
2016,é­š8,https://i.imgur.com/JKQzZhS.jpg
2018,å¤©1,https://i.imgur.com/gSI7sUW.jpg
2023,è“‰1,https://i.imgur.com/JgI6zpx.jpg
2024,é­š10,https://i.imgur.com/O6mSluK.jpg
2030,@QIAOâ¤ ,https://i.imgur.com/OW8zz85.jpg
2034,@è³€ ,https://i.imgur.com/gtsyXxM.jpg
2042,@é»ƒç¬¨ç¬¨ğŸ€è‰¾çµ²æ·‡ğŸ’• ,https://i.imgur.com/HYJzDFD.jpg
2043,@é´¨é´¨ ,https://i.imgur.com/74s3p2U.jpg
2046,MFFæ™‚ç¨‹,http://www.finalfantasy.jp/mobius/information/mailnews/mff_calender.html
2052,ä¸èƒ½ç©,éŠæˆ²é€£ç·šéœ€è¦VPNé€£ç·šè‡³æ—¥æœ¬ã€‚ä»¥ä¸‹ç‚ºVPNæ¨è–¦æ¸…å–®ï¼Œæ ¹æ“šä½¿ç”¨è€…æ‰€ä½¿ç”¨çš„å¹³å°åˆ†é¡:\n    ANDROID/IOS: OPENVPNã€SOLOVPNã€HOLAVPNã€https://goo.gl/dn4nfLã€google.com/search?q=JAPAN+VPN+LIST\n    é›»è…¦æ¨¡æ“¬å™¨: SOFTETHERVPN\nå¦å¤–ï¼Œæ¨¡æ“¬å™¨ç›®å‰å·²çŸ¥:\n    å¯ç”¨: MUMUã€NOX(V6.0.1.0)ã€BLUESTACKS(CLIENT V3.52.66.1905ã€ENGINE V2.52.66.8704)\n    å¯èƒ½ä¸å¯ç”¨: NOX(å¤œç¥)ã€BLUESTACKS\n\nNOXã€BSå¯ç”¨æ¨¡æ“¬å™¨ç‰ˆæœ¬ç”± @HONG æä¾›\n(2017/12/11)æ›´æ–°
2068,è…³æœ¬,NOX: \n    https://sites.google.com/view/mff-script/index\n\n    ç”± æ˜±å…¶ è£½ä½œã€ç¶­è­·\n\nSTEAM:\n    https://sites.google.com/view/mff-steam/home\n\n    ç”± æ°´æ¯ è£½ä½œã€ç¶­è­·
2073,@â›µè³œæˆ‘å¤¢å¢ƒâ›µ æ„›,https://i.imgur.com/P2du0PR.jpg
2076,é€²åŒ–ç´ æ,é€²åŒ–ç´ æ (2017/11/12)\nç¾æ™‚ä¸»è¦é€éä¸‹åˆ—æ–¹æ³•å…¥æ‰‹:\n1. åˆ·é»‘éµå®®BOSSå†åˆ°äº¤æ›æ‰€æ›\n2. åˆ·å¤§å¤§å¤§å¤§å¤§é‡ç”Ÿæ€ª\nå»ºè­°åœ°åœ–è«‹åƒè€ƒåœ–ç‰‡(ä»¥åœ–ç‰‡ç¶²å€å½¢å¼æä¾›):\n    2-1. https://i.imgur.com/FXm3dNg.jpg\n    2-2. https://i.imgur.com/VkcZm9O.jpg\n3. åˆ·ç§˜è—¥ä¹‹æ£®\nç´„3å ´è¦‹ä¸€æ¬¡ç´…å­—æ‰è½\nå¯åƒè€ƒ:\n    https://www.youtube.com/watch?v=knJ0JHdXvYU (YOUTUBE)\n4. åªç¼ºå¤§å½©è—¥çš„ å»åˆ·å¤§èœ˜è›› å¯åƒè€ƒ:\nhttps://www.youtube.com/watch?v=F-xj_9dvGqI (YOUTUBE)
2082,åƒ1,https://i.imgur.com/hhBZDQ9.jpg
2083,é­š11,https://i.imgur.com/1bSE9uj.jpg
2084,è±¬11,https://i.imgur.com/9UaPHig.jpg
2085,æ‰˜1,https://i.imgur.com/4VaqEVi.jpg
2086,æµ©1,https://i.imgur.com/FB9qLu9.jpg
2087,æµ©2,https://i.imgur.com/UZzFsdQ.jpg
2088,æµ©3,https://i.imgur.com/xV3myUy.jpg
2089,æµ©4,https://i.imgur.com/4Y0WJF0.jpg
2090,æµ©5,https://i.imgur.com/fBGxyaR.jpg
2091,æµ©6,https://i.imgur.com/CXIhsD8.jpg
2092,æµ©7,https://i.imgur.com/Th0AdGD.jpg
2093,æµ©8,https://i.imgur.com/9SCgNXu.jpg
2094,æµ©9,https://i.imgur.com/UXvzJvJ.jpg
2095,æµ©10,https://i.imgur.com/cYPU4xM.jpg
2096,æµ©11,https://i.imgur.com/CD79y6H.jpg
2097,æµ©12,https://i.imgur.com/M28svW1.jpg
2098,æµ©13,https://i.imgur.com/K0w7odm.jpg
2099,æµ©14,https://i.imgur.com/u3bGJFV.jpg
2100,æµ©15,https://i.imgur.com/dE99W40.jpg
2106,åƒè³½è³‡è¨Š,https://i.imgur.com/MBFsU8S.jpg
2110,è“‰2,https://i.imgur.com/lajomZN.jpg
2111,è“‰3,https://i.imgur.com/ndf8FYH.jpg
2114,9373fd4211a1ee954f8ab9ca00e969290beaadf2b86fad7e151deb78,https://i.imgur.com/4NccAlD.jpg
2117,å¦‚ä½•æŠŠå¦¹,https://i.imgur.com/EMm71oq.jpg
2118,å¦‚ä½•ä¸ŠåºŠ,https://i.imgur.com/sqMJf6v.jpg
2119,æ²’å¥³å‹,https://i.imgur.com/ZRJSvoT.jpg
2121,éœ¸é«”,https://i.imgur.com/CkXToan.jpg
2122,å¿«é€Ÿåˆ·é¦–æŠ½,https://forum.gamer.com.tw/C.php?bsn=33094&snA=102&tnum=2
2131,æ®µæ•¸,https://altema.jp/ffmobius/tadanmatome-29055
2132,æ®µæ•¸,https://altema.jp/ffmobius/tadanmatome-29055
2133,è‡ªå®šç¾©,https://m.gamer.com.tw/forum/treasure.php?bsn=27631&sn=256&isa=1
2134,è‡ªå®šç¾©,https://m.gamer.com.tw/forum/treasure.php?bsn=27631&sn=256&isa=1
2135,å¿…æ®ºæŠ€é‡,https://altema.jp/ffmobius/hixtusatukuixtuku-29255
2136,å¢å‹•,https://altema.jp/ffmobius/hixtusatukuixtuku-29255
2144,@å©·å©· ,https://i.imgur.com/EEkuhsY.jpg
2145,@ADA CHEN ,https://i.imgur.com/w5WM3qO.jpg
2146,@JILL LEE ,https://i.imgur.com/YVhuhPh.jpg
2164,@â¦è‡³ç§¦æ–¤æ¬ â¦ ,https://i.imgur.com/0lKBsM9.jpg
2167,@â¦è‡³ç§¦ æ–¤æ¬ â¦ ,https://i.imgur.com/aYx1HbQ.jpg
2173,é­š12,https://i.imgur.com/fuQ4gxU.jpg
2193,å“­,https://i.imgur.com/DGhfEXf.jpg
2194,æŠ½,https://i.imgur.com/r4D0V40.jpg
2195,5112152551479715f3ea0696c3c0309d2d258fe3f21273f64407f274,ä½ æ˜æ˜å°±å¥³å¬¸
2196,å“­,https://i.imgur.com/removed.png
2197,æ,https://i.imgur.com/removed.png
2198,æ,https://i.imgur.com/removed.png
2209,å…«å˜å›§,https://i.imgur.com/wtKtX76.jpg
2210,UNICODEè½‰æ›,(UNAVAILABLE)
2211,éŸ‹1,https://i.imgur.com/1ZvxBLr.jpg
2212,è“‰4,https://i.imgur.com/ZxRW8CC.jpg
2213,é­š13,https://i.imgur.com/O1EefZD.jpg
2214,K1,https://i.imgur.com/O9ohhoJ.jpg
2215,å»1,https://i.imgur.com/rcPwo0z.jpg
2216,è¶1,https://i.imgur.com/nKQaJRT.jpg
2217,é¦™1,https://i.imgur.com/kMikKYU.jpg
2218,A1,https://i.imgur.com/VKffmGk.jpg
2219,å¦®1,https://i.imgur.com/DtBwV5M.jpg
2220,ç§‰1,https://i.imgur.com/a5mQaLE.jpg
2221,å‚»1,https://i.imgur.com/3H827Ii.jpg
2223,ä¸‹è¼‰,(UNAVAILABLE)
2224,å¼•ç¹¼,è¨­å®šæ•™å­¸: https://forum.gamer.com.tw/C.php?bsn=33094&snA=145&tnum=1\n\nå¼•å…¥åŠŸèƒ½å·²é–‹æ”¾ã€‚
2225,æ­£,https://i.imgur.com/8RCi2Ux.jpg
2226,æ­£,https://i.imgur.com/8RCi2Ux.jpg
2233,@AMY WU ,https://i.imgur.com/pYtVvga.jpg
2237,@èº²åœ¨è§’è½ã€Œå¼µã€çš„å°æ¶µ ,https://i.imgur.com/NGcTUlF.jpg
2245,VS,https://i.imgur.com/VpuBGVg.jpg
2250,@å¦¤ğŸŸ ,https://i.imgur.com/UEmAnT2.jpg
2255,@æ—æª¸æª¬ğŸ‹ ,https://i.imgur.com/vgYCUg1.jpg
2258,æ€ª1,https://i.imgur.com/FZ2zP96.jpg
2260,é¦–æŠ½,https://i.imgur.com/aas1qzh.jpg
2261,é¦–æŠ½,https://i.imgur.com/aas1qzh.jpg
2264,ä¸‹è¼‰,(UNAVAILABLE)
2272,é—œèµ·ä¾†,https://i.imgur.com/Jw978aU.jpg
2274,@ğŸŒ¸æ›¦ğŸŒ¼ğŸ„ğŸ¼ğŸµ,https://i.imgur.com/Ye4tPLf.jpg
2283,@HEAD RELAXED,https://i.imgur.com/PrMdF9O.jpg
2284,@ğŸŒ¸æ›¦ğŸŒ¼ğŸ„ğŸ¼ğŸµ,https://i.imgur.com/Ye4tPLf.jpg
2285,@å¡ç¨±à·†âƒ›Í™,https://i.imgur.com/UP61llZ.jpg
2311,åƒæ°´æ¯,https://i.imgur.com/vdMPNf7.jpg
2323,@DORAğŸ’‹,https://i.imgur.com/sFxA45P.jpg
2331,87,https://i.imgur.com/xMPEhgK.jpg
2340,çœçœ¼èªªçè©±,https://i.imgur.com/N7yq5o0.jpg
2346,GP,https://i.imgur.com/ByVan7B.jpg
2355,æ­¡è¿,https://i.imgur.com/8EWW7Qq.jpg
2365,KENæŠŠå¦¹,https://i.imgur.com/nId0TEW.jpg
2366,å‚²å¬Œé›²,https://i.imgur.com/cyjQkKw.jpg
2369,@è•­ç…’éœ–,https://i.imgur.com/GxpiiFH.jpg
2370,@CLEAN WU,https://i.imgur.com/VNGsfNl.jpg
2371,@ğŸ‡¹ğŸ‡¼HEAD.APPY NEW YEAR,https://i.imgur.com/f4oX2ER.jpg
2374,@èº²åœ¨è§’è½ã€Œå¼µã€çš„å°æ¶µ,https://i.imgur.com/coJmyWC.jpg
2376,@KATHYğŸ€é›¶è²“å¯¶å¯¶,https://i.imgur.com/CG06MPX.jpg
2377,@ç²é›…,https://i.imgur.com/MsDhlzZ.jpg
2387,@é¦™è‡è±¬ ,https://i.imgur.com/NNV2Yu9.jpg 
2389,@CLEAN WU ,https://i.imgur.com/VNGsfNl.jpg
2393,@ğŸ‡¹ğŸ‡¼HEAD.APPY NEW YEAR ,https://i.imgur.com/f4oX2ER.jpg
2401,@å°å†° ,https://i.imgur.com/XdFY6eY.jpg
2403,@ğŸŒ¸æ›¦ğŸŒ¼ğŸ„ğŸ¼ğŸµ ,https://i.imgur.com/Ye4tPLf.jpg
2404,@DORAğŸ’‹ ,https://i.imgur.com/sFxA45P.jpg
2405,@å¾ä»Šé–‹å§‹æˆ‘å«ã€Œå˜¿ã€æ¶µ ,https://i.imgur.com/coJmyWC.jpg
2413,@ç›ˆè‡» ,https://i.imgur.com/el3s4jK.jpg
2415,@ç›ˆè‡» ,https://i.imgur.com/AsnG9Ub.jpg
2418,@IRIS ,https://i.imgur.com/Fl1qM8n.jpg
2423,è“‰5,https://i.imgur.com/SzJmTtb.jpg
2424,è“‰6,https://i.imgur.com/Fmrzqag.jpg
2430,@æ€¡ç© ,https://i.imgur.com/ZZSA3ne.jpg
2434,è‘£1,https://i.imgur.com/dzNu0Pf.jpg
2439,çœçœ¼èªªçè©±,https://i.imgur.com/N7yq5o0.jpg
2443,@[æ­£å®—] HEAD BLAST AWAY,https://i.imgur.com/9XpRsl1.jpg
2445,è€å¸æ©Ÿ,https://i.imgur.com/24zvf2g.jpg
2446,å¤ªç”¨åŠ›,https://i.imgur.com/UlBhorZ.jpg
2447,æŠ½ä¸åˆ°,https://i.imgur.com/eCt7Lpt.jpg
2448,çˆ†äº†,https://i.imgur.com/eCt7Lpt.jpg
2449,çˆ†æ­»,https://i.imgur.com/eCt7Lpt.jpg
2454,@å¹³,https://i.imgur.com/FYf9PEk.jpg
2459,@à¼ºATIVANà¼» Î©ç¨˜Î© ,https://i.imgur.com/BCEGRuf.jpg
2460,@è±¹ç´‹å¥³ ,https://i.imgur.com/BYXVjJa.jpg
2462,@è›‹å§ ,https://i.imgur.com/zlPZLyf.jpg
2465,è‰è‰å¡,https://i.imgur.com/577KTXf.jpg
2467,GPæ˜¯ä»€éº¼,ç­”æ¡ˆï¼šhttps://zhidao.baidu.com/question/2202156410627964588.html
2468,@JASONÂ® ,https://i.imgur.com/OZ7XzGi.jpg
2486,@å•Šè±ª ,https://i.imgur.com/QKjUJsR.jpg
2500,æ­¡è¿æ–°æœ‹å‹,https://i.imgur.com/LgI9iS5.jpg
2507,@å°å¼· ,https://i.imgur.com/HlEGnMr.jpg
2508,@å°å¼·,https://i.imgur.com/aSjaaSh.jpg
2514,@CCC ,https://i.imgur.com/snM5AUf.jpg
2520,@ç’‡ ì„ ğŸ’‹ ,https://i.imgur.com/iemeAYY.jpg
2524,@KATHYğŸ€é›¶è²“å¯¶å¯¶ ,https://i.imgur.com/CG06MPX.jpg
2526,MDå»èƒŒæ™¯åœ–,https://saomd.imgur.com (è«‹ä½¿ç”¨é›»è…¦é–‹å•Ÿï¼Œæ‰‹æ©Ÿé–‹å•Ÿè«‹ç”¨ç€è¦½å™¨ä¸¦å‹¾é¸é›»è…¦ç‰ˆç¶²å€ï¼Œå¦å‰‡è«‹ä¸‹è¼‰APP)
2539,@[æ­£å®—] HEAD BLAST AWAY ,https://i.imgur.com/vKnZEzD.jpg
2542,@RICO CHENğŸ‘£IN TAIPEI  ,https://i.imgur.com/OXSATpr.jpg
2543,@RICO CHENğŸ‘£IN TAIPEI  ,https://i.imgur.com/OXSATpr.jpg
2544,T@KATHYğŸ€ZEÂ®Oâ™¥ì œë¡œ  ,https://i.imgur.com/dvXQzrP.jpg
2546,@RICO CHENğŸ‘£IN TAIPEI ,https://i.imgur.com/OXSATpr.jpg
2552,@KATHYğŸ€ZEÂ®Oâ™¥ì œë¡œ  ,https://i.imgur.com/dvXQzrP.jpg
2553,@KATHYğŸ€ZEÂ®Oâ™¥ì œë¡œ ,https://i.imgur.com/dvXQzrP.jpg
2557,ç‹9,https://i.imgur.com/evWH5XR.jpg
2569,MDå…¬å‘Š,æ—¥æ–‡å…¬å‘Š\n https://api-defrag.wrightflyer.net/webview/announcement?phone_type=2  \n è‹±æ–‡å…¬å‘Š\n https://api-defrag-ap.wrightflyer.net/webview/announcement?phone_type=2&lang=en  \n ä¸­æ–‡å…¬å‘Š\n https://api-defrag-ap.wrightflyer.net/webview/announcement?phone_type=2&lang=tc  \n
2570,MDå…¬å‘Š,æ—¥æ–‡å…¬å‘Š\n https://api-defrag.wrightflyer.net/webview/announcement?phone_type=2  \n è‹±æ–‡å…¬å‘Š\n https://api-defrag-ap.wrightflyer.net/webview/announcement?phone_type=2&lang=en  \n ä¸­æ–‡å…¬å‘Š\n https://api-defrag-ap.wrightflyer.net/webview/announcement?phone_type=2&lang=tc  \n
2571,MDå…¬å‘Š,æ—¥æ–‡å…¬å‘Š\n https://api-defrag.wrightflyer.net/webview/announcement?phone_type=2  \n è‹±æ–‡å…¬å‘Š\n https://api-defrag-ap.wrightflyer.net/webview/announcement?phone_type=2&lang=en  \n ä¸­æ–‡å…¬å‘Š\n https://api-defrag-ap.wrightflyer.net/webview/announcement?phone_type=2&lang=tc  \n
2572,MDå…¬å‘Š,æ—¥æ–‡å…¬å‘Š\n https://api-defrag.wrightflyer.net/webview/announcement?phone_type=2  \n è‹±æ–‡å…¬å‘Š\n https://api-defrag-ap.wrightflyer.net/webview/announcement?phone_type=2&lang=en  \n ä¸­æ–‡å…¬å‘Š\n https://api-defrag-ap.wrightflyer.net/webview/announcement?phone_type=2&lang=tc  \n
2574,87,https://i.imgur.com/rNAuDgm.jpg
2575,87,https://i.imgur.com/rNAuDgm.jpg
2576,87,https://i.imgur.com/rNAuDgm.jpg
2577,87,https://i.imgur.com/rNAuDgm.jpg
2578,87,https://i.imgur.com/rNAuDgm.jpg
2579,87,https://i.imgur.com/rNAuDgm.jpg
2581,æ˜Ÿå§¬,https://i.imgur.com/nmVe22T.jpg
2590,@ä¾å¯¶å¯¶ ,https://i.imgur.com/shEQvfc.jpg
2592,@æ—» ,https://i.imgur.com/1NHD8zo.jpg
2596,@ç²é›… ,https://i.imgur.com/Mqwha5g.jpg
2598,@[æ­£å®—] HEAD BLAST AWAY ,https://i.imgur.com/aRSA6v6.jpg
2601,@å›åˆ°è§’è½ã€Œå¼µã€çš„å°æ¶µ ,https://i.imgur.com/kMZQ4Ay.jpg
2617,87,https://i.imgur.com/rNAuDgm.jpg
2618,87,https://i.imgur.com/rNAuDgm.jpg
2619,87,https://i.imgur.com/rNAuDgm.jpg
2631,åƒè³½è³‡è¨Š,https://i.imgur.com/Sq8QJwn.jpg
2632,87,https://i.imgur.com/rNAuDgm.jpg
2639,@çº³å…¹,https://i.imgur.com/LdXNyze.jpg
2641,@é‚±éŸ¶ç‘‹,https://i.imgur.com/wmO3ZC9.jpg
2644,@å°å†°,https://i.imgur.com/XdFY6eY.jpg
2650,@è›™ğŸ¸ ,https://i.imgur.com/ucjlh89.jpg
2651,æ¯æ„›,https://i.imgur.com/QKpNkt5.jpg
2653,å’–æ³¢è±†è…,https://i.imgur.com/BTLKIY4.jpg
2656,KL,https://i.imgur.com/qlyqTwo.jpg
2660,@é‡‘é­šğŸ”± ,https://i.imgur.com/Xvp4hwt.jpg
2667,å°ç‰ˆäº‹å‰,http://bnent.jp/if_tpgs/ (ç¶²å€ä¾†æº: å¦ä¸€ç¾¤çš„ @å»–ä¿Šå‡±)
2669,@G_X_Y,https://i.imgur.com/1fA4Qon.jpg
2671,@å¾é›¯é›¯  WENNY ,https://i.imgur.com/U20tegS.jpg
2677,@KELLY ,https://i.imgur.com/snM5AUf.jpg
2678,@ã„ã„§ã„¤å¦® ğŸ’ğŸ»â€â™€ï¸ ,https://i.imgur.com/eS7hodB.jpg
2679,@ğŸŒ¹AMY ,https://i.imgur.com/VL0KTIW.jpg
2680,è™±1,https://i.imgur.com/sHblF4u.jpg
2681,@CONCORDIA CELESTIA ,https://i.imgur.com/uVeHtRz.jpg
2682,æ°´æ¯å¡,https://i.imgur.com/fycla2D.jpg
2683,æ°´æ¯å¡,https://i.imgur.com/fycla2D.jpg
2688,@ğŸ’•TIFFANYğŸ’•æ¸›äº†14%é«”è„‚ğŸŒ¸ ,https://i.imgur.com/uWakFKg.jpg
2689,@EASON ,https://i.imgur.com/GJTRmqF.jpg
2690,@EASON,https://i.imgur.com/GJTRmqF.jpg
2691,@å¾é›¯é›¯  WENNY,https://i.imgur.com/U20tegS.jpg
2693,é–‹è»Š,https://i.imgur.com/CuCaT4D.jpg
2694,é–‹è»Š,https://i.imgur.com/CuCaT4D.jpg
2717,@JULIA KUMICKYğŸ€çŠ€ç‰›è€å¤§ğŸ€ ,https://i.imgur.com/sUuPlwg.jpg
2718,æŠ½,https://i.imgur.com/4ojrHl8.jpg
2719,ç‰›1,https://i.imgur.com/GeW7tVc.jpg
2722,ç‰›2,https://i.imgur.com/ey57qTl.jpg
2734,é›¨ä¼¶å°±å¥½äº†,https://i.imgur.com/jK61tPU.jpg
2756,éœ¸é«”å°±å¯ä»¥äº†,https://i.imgur.com/jK61tPU.jpg
2759,@SEANNA è‚–å¨œ,https://i.imgur.com/WIg5PgH.jpg
2767,@é™³æ€¡ç© ,https://i.imgur.com/gcIv1fH.jpg
2770,@é¬¼å¤ª ,https://i.imgur.com/kf3PFeE.jpg
2771,@é‡‘é­šâšœï¸ ,https://i.imgur.com/fek91T8.jpg
2773,@é¦™è‡è±¬ ,https://i.imgur.com/cOzhK6S.jpg
2774,@ä¼Šå‚‘ ,https://i.imgur.com/cOzhK6S.jpg
2775,@è€å³ ,https://i.imgur.com/cOzhK6S.jpg
2776,@â˜˜ï¸ã„“ã„¨ã„šã€ç¨˜â˜˜ï¸ ,https://i.imgur.com/cOzhK6S.jpg
2777,@â¤ï¸å°é›…â¤ï¸ ,https://i.imgur.com/cOzhK6S.jpg
2778,@â¦è‡³ç§¦ æ–¤æ¬ â¦ ,https://i.imgur.com/cOzhK6S.jpg
2800,èœ10,https://i.imgur.com/2NYhRI4.jpg
2801,èœ7,https://i.imgur.com/k0dZITA.jpg
2808,@ç‹æ–‡é´» ,https://i.imgur.com/zdajizl.jpg
2810,@å”èˆˆä¸­å¤æ©Ÿæ¢°â­•ï¸å„è¡Œæ¥­â­•ï¸è¨­å‚™è²·è³£ ,https://i.imgur.com/wy5t6Or.jpg
2813,@æ—è‚²æˆ ,https://i.imgur.com/5YHi5tp.jpg
2815,@MING TAO ,https://i.imgur.com/l6ochXw.jpg
2816,@æ—å°ä»• ,https://i.imgur.com/Is8TyG2.jpg
2817,@æ´ªå­ç¿” ,https://i.imgur.com/F0T2KVH.jpg
2818,@é˜¿å• ,https://i.imgur.com/ApfE4yR.jpg
2821,@ğŸ€é­”é¬¼ä¸­çš„å¤©ä½¿ğŸ€ ,https://i.imgur.com/ZxBc4eK.jpg
2826,å¯¶å¯¶å…’ç«¥é¤,https://i.imgur.com/pJoBLxP.jpg
2828,å°æ„›çˆ½,https://i.imgur.com/SjtXBKL.jpg
2829,@ç’‡ ğŸ’‹ ,https://i.imgur.com/iemeAYY.jpg
2830,å‚²å¬Œ(CLOUD),https://i.imgur.com/cyjQkKw.jpg
2831,å°æ„›çˆ½,https://i.imgur.com/SjtXBKL.jpg
2833,å°æ„›ä¸çˆ½,https://i.imgur.com/34LTpy9.jpg
2835,å±¬æ€§,STRï¼š\nè£å‚™é™åˆ¶æ‰€æŒé‡é‡ä¸Šå‡\nè¿‘æˆ°æ”»æ“ŠåŠ›ä¸Šå‡\néƒ¨åˆ†è£å‚™éœ€æ±‚\nVITï¼š\næœ€å¤§çš„HPä¸Šå‡\nå‚·å®³è¼•æ¸›ç‡ä¸Šå‡\nINTï¼š\néƒ¨åˆ†æŠ€èƒ½ã€é“å…·æ•ˆæœä¸Šå‡ORå»¶é•·æ™‚æ•ˆ\næŠ€èƒ½ã€é“å…·ä½¿ç”¨CDæ¸›å°‘\nå¯è³¦äºˆç‹€æ…‹ç•°å¸¸çš„æŠ€èƒ½æ”»æ“ŠåŠ›ä¸Šå‡\nAGIï¼š\nç§»å‹•é€Ÿåº¦ä¸Šå‡\nå‚·å®³è¼•æ¸›ç‡ä¸Šå‡\nè£å½ˆâ€¦ç­‰è§’è‰²å‹•ä½œé€Ÿåº¦ä¸Šå‡\nDEXï¼š\néƒ¨åˆ†é“å…·æ•ˆæœä¸Šå‡\nçˆ†æ“Šæ”»æ“ŠORå¼±é»æ”»æ“Šæ™‚çš„å‚·å®³é‡ä¸Šå‡\nå­å½ˆåœˆ(BULLET CIRCLE)çš„ç²¾åº¦ä¸Šå‡\néƒ¨åˆ†è£å‚™éœ€æ±‚\nLUKï¼š\nç‰©å“æ‰è½ç‡ä¸Šå‡\nçˆ†æ“Šç‡ä¸Šå‡\n\n(æ–¼2017å¹´02æœˆ08æ—¥ AM 1ï¼š11(UTC-8)ï¼Œç¿»è­¯è‡ª http://enjoi8.sakura.ne.jp/sao_fb/gaido3.html )
2852,æƒ…äººç¯€å¿«æ¨‚,https://i.imgur.com/UWFoWXf.jpg
2856,@å°æ¶µ ,https://i.imgur.com/q7vouMZ.jpg
2857,@KATHYğŸ€ZEÂ®Oâ™¥ì œë¡œ ,https://i.imgur.com/xJgMrac.jpg
2858,@ğŸŒŸá¹¾Ğ„Ğ¯á¹„Êâ™“ ,https://i.imgur.com/ItF6rVh.jpg
2860,@KAYLA ,https://i.imgur.com/OSMpk0c.jpg
2861,@HSIN YI ,https://i.imgur.com/UuL6nQd.jpg
2863,@ĞœÃ–ĞœÃ–âœ¨(à¹‘Â¯ã‰¨Â¯à¹‘)Â® ,https://i.imgur.com/CUZuNFh.jpg
2864,@éŒ¢ ,https://i.imgur.com/GYEZg93.jpg
2868,@LU LU ì›ƒâ™¥ìœ  ,https://i.imgur.com/yAZPuuE.jpg
2869,@HEAD PREDATOR ,https://i.imgur.com/FcgJxAa.jpg
2872,@VE. è‹¥æ¦› ,https://i.imgur.com/apx559M.jpg
2873,@ç´”ç´”ğŸ’œ ,https://i.imgur.com/QKAqKuN.jpg
2876,æ£»9,https://i.imgur.com/NKYmyxD.jpg
2877,æ£»1,https://i.imgur.com/cNO82J9.jpg
2880,ç«¥2,https://i.imgur.com/YJvO9Bw.jpg
2881,å»2,https://i.imgur.com/Fv3Mxva.jpg
2882,è±1,https://i.imgur.com/1JzItC1.jpg
2883,è‚–1,https://i.imgur.com/TzqPuGF.jpg
2884,è“1,https://i.imgur.com/ZoURRT5.jpg
2885,è“2,https://i.imgur.com/HNMHPLi.jpg
2886,æ—»1,https://i.imgur.com/Rt53JQ5.jpg
2887,K2,https://i.imgur.com/nbMteT8.jpg
2888,æ£»2,https://i.imgur.com/sdf198M.jpg
2889,èœ13,https://i.imgur.com/HjlZDMD.jpg
2891,åƒæ°´æ¯,https://i.imgur.com/mJByGcw.jpg
2892,æ”»ç•¥,https://giocox.net/SAO-FB\nhttp://enjoi8.sakura.ne.jp/sao_fb/
2895,@KATHYğŸ€ZEÂ®Oâ™¥ì œë¡œ,https://i.imgur.com/TBS1Iqy.jpg
2896,@ğŸŒŸá¹¾Ğ„Ğ¯á¹„Êâ™“,https://i.imgur.com/5cQmfBi.jpg
2899,@å°æ¶µ,https://i.imgur.com/fUCf6Wi.jpg
2900,@å¤©å¤© ,https://i.imgur.com/UQa0dvx.jpg
2902,@é‚±éŸ¶ç‘‹ ,https://i.imgur.com/vgP9iA6.jpg
2903,@ãªã‹ã˜ã¾ä¸­å³¶ã—ã‚“ã„ã¡çœŸä¸€ã•ã‚“ ,https://i.imgur.com/rjfZ3yf.jpg
2904,@å¹³ ,https://i.imgur.com/ECqUz7G.jpg
2905,@â˜˜ï¸ã„“ã„¨ã„šã€ç¨˜â˜˜ï¸ ,https://i.imgur.com/xPk2ov1.jpg
2909,æ¶µæ¶µçˆ½,https://i.imgur.com/otUmsUd.jpg
2913,ç‰›3,https://i.imgur.com/otu8eDw.jpg
2914,æ£»5,https://i.imgur.com/wh3VUK5.jpg
2915,è–°1,https://i.imgur.com/vbhEstj.jpg
2916,æ—»4,https://i.imgur.com/xiLWkm6.jpg
2917,ç‰›4,https://i.imgur.com/o8UcuDs.jpg
2925,å…”1,https://i.imgur.com/9szMyp1.jpg
2926,@KATHYğŸ€ZEÂ®Oâ™¥ì œë¡œ ,https://i.imgur.com/TBS1Iqy.jpg
2927,@å°æ¶µ ,https://i.imgur.com/fUCf6Wi.jpg
2928,@å¤©å¤© ,https://i.imgur.com/UQa0dvx.jpg
2930,@é‚±éŸ¶ç‘‹ ,https://i.imgur.com/vgP9iA6.jpg
2932,@ğŸŒŸá¹¾Ğ„Ğ¯á¹„Êâ™“ ,https://i.imgur.com/5cQmfBi.jpg
2934, @ãªã‹ã˜ã¾ä¸­å³¶ã—ã‚“ã„ã¡çœŸä¸€ã•ã‚“ ,https://i.imgur.com/rjfZ3yf.jpg
2936,@HEAD PREDATOR ,https://i.imgur.com/FcgJxAa.jpg
2937,éšŠé•·,https://i.imgur.com/gQrkJAT.jpg
2938,éšŠé•·,https://i.imgur.com/gQrkJAT.jpg
2945,@å¾é›¯é›¯  WENNY ,https://i.imgur.com/U20tegS.jpg
2954,@éƒæ£»å…’ğŸ’‹,https://i.imgur.com/mllHHwI.jpg
2956,@ğŸ¥AMYBAOğŸ’•,https://i.imgur.com/qt4cUXi.jpg
2957,@ğŸ¥AMYBAOğŸ’•,https://i.imgur.com/qt4cUXi.jpg
2969,@HEAD PREDATOR,https://i.imgur.com/wg9ZvVI.jpg
2970,@HEAD PREDATOR,https://i.imgur.com/wg9ZvVI.jpg
2974,@è‘‡è‘‡âœ¨ ,https://i.imgur.com/SWnggvi.jpg
2976,@SEANNA è‚–å¨œ ,https://i.imgur.com/mS6wrrS.jpg
2979,@SEANNA è‚–å¨œ ,https://i.imgur.com/mS6wrrS.jpg
2980,@è‘‡è‘‡âœ¨ ,https://i.imgur.com/SWnggvi.jpg
2982,@ESTHERâœŸ ,https://i.imgur.com/WO7Vmyd.jpg
2988,å¥½ç»“å±€,https://www.youtube.com/watch?v=28RiBhKDlZY
2989,å¥½çµå±€,https://www.youtube.com/watch?v=28RiBhKDlZY
2991,@â™ Jæ£® ,https://i.imgur.com/OZ7XzGi.jpg
2992,@â™ Jæ£® ,https://i.imgur.com/OZ7XzGi.jpg
2994,SAO FB åŠŸç•¥åŒ¯é›†,HTTP://WWW.ENTERTAINMENT14.NET/BLOG/POST/110948044-%E5%88%80%E5%8A%8D%E7%A5%9E%E5%9F%9F-%E5%A5%AA%E5%91%BD%E5%87%B6%E5%BD%88-%E6%94%BB%E7%95%A5%E5%8C%AF%E9%9B%86
2999,MDç²¾è¯,https://i.imgur.com/iZSReia.jpg
3000,MDç²¾è¯,https://i.imgur.com/iZSReia.jpg
3001,MDç²¾è¯,https://i.imgur.com/iZSReia.jpg
3002,MDç²¾è¯,https://i.imgur.com/iZSReia.jpg
3017,@â˜˜ï¸ã„“ã„¨ã„šã€ç¨˜â˜˜ï¸ ,https://i.imgur.com/xPk2ov1.jpg
3021,æŠ½ç”·äºº,https://i.imgur.com/h5MAnV3.jpg
3039,çœŸçµå±€,çœŸçµå±€çœŸæ­£è¦æ±‚æ˜¯è¦é€™éŠæˆ²æ–°å‡ºçš„å››å€‹è§’è‰²å’ŒAFASYSå¥½æ„Ÿåº¦å››ç´š75%æˆ–ä»¥ä¸Šï¼Œå…¶ä»–è§’è‰²å¥½æ„Ÿåº¦äºŒç´šæˆ–ä»¥ä¸Šï¼Œæº«æ³‰æ³³è£å…©åœ–å…¥æ‰‹ï¼Œå’Œç©å®¶æ‰€æœ‰äº‹ä»¶å®Œæˆï¼ˆä¸æ˜¯æ¡äººæ¨¡å¼ï¼‰(åŸæ–‡: https://www.facebook.com/groups/sao.ftb/permalink/498582113869934/)
3046,OST,www.tsdm.me/forum.php?mod=viewthread&tid=866190
3049,@è‹¡è± ,https://i.imgur.com/apx559M.jpg
3062,0e2194de93bc30ea2b899285d6a5517a9aa9d3eec7fe257d503601ed,...
3063,SHA 224,https://i.imgur.com/nWbK78X.jpg
3064,SHA 001,https://i.imgur.com/arMLzTz.jpg
3065,SHA 001,https://i.imgur.com/arMLzTz.jpg
3066,SHA 002,https://i.imgur.com/vzebWKK.jpg
3067,SHA 002,https://i.imgur.com/vzebWKK.jpg
3069,002,https://i.imgur.com/vzebWKK.jpg
3070,002,https://i.imgur.com/vzebWKK.jpg
3071,é¨™äººçš„å§,https://i.imgur.com/HeFALLe.jpg
3072,C8763,https://i.imgur.com/VbjTm9F.jpg
3073,é›¶äºŒ,https://i.imgur.com/vzebWKK.jpg
3076,åç§’,https://i.imgur.com/erDfsK3.jpg
3079,æ–°äºº,https://i.imgur.com/oXFl0HT.jpg
3080,è—œ1,https://i.imgur.com/p7s2ANV.jpg
3081,è—œ2,https://i.imgur.com/oukVGE3.jpg
3082,è—œ2,https://i.imgur.com/oukVGE3.jpg
3083,è—œ1,https://i.imgur.com/p7s2ANV.jpg
3085,@â˜˜ï¸ã„“ã„¨ã„šã€ç¨˜â˜˜,https://i.imgur.com/CJWhTjH.jpg
3086,@â˜˜ï¸ã„“ã„¨ã„šã€ç¨˜â˜˜ï¸,https://i.imgur.com/CJWhTjH.jpg
3090,@HTHT ,https://i.imgur.com/DSHwKjp.jpg
3091,@HTHT ,https://i.imgur.com/DSHwKjp.jpg
3095,@KğŸ‘» å¦,https://i.imgur.com/hVOkjV8.jpg
3096,@JOLINã€Šå©•ã€‹ ,https://i.imgur.com/EhBjr2e.jpg
3097,@åº­å˜‰ ,https://i.imgur.com/tt6y68e.jpg
3098,@ĞœÃ–ĞœÃ–ğŸŒˆ(à¹‘Â¯ã‰¨Â¯à¹‘)Â® ,https://i.imgur.com/Bhmfeye.jpg
3099,@â£ï¸è‰¾ELEANOR TOPğŸ“â£ï¸ ,https://i.imgur.com/ylJjFE6.jpg
3100,@ä¼Š ,https://i.imgur.com/7A3bZu7.jpg
3101,@å‡å‡ ,https://i.imgur.com/xHB2xBS.jpg
3102,@JOLINã€Šå©•ã€‹ ,https://i.imgur.com/EhBjr2e.jpg
3103,@KğŸ‘» å¦,https://i.imgur.com/hVOkjV8.jpg
3104,@åº­å˜‰ ,https://i.imgur.com/tt6y68e.jpg
3105,@å‡å‡ ,https://i.imgur.com/xHB2xBS.jpg
3106,@â£ï¸è‰¾ELEANOR TOPğŸ“â£ï¸ ,https://i.imgur.com/ylJjFE6.jpg
3107,@ĞœÃ–ĞœÃ–ğŸŒˆ(à¹‘Â¯ã‰¨Â¯à¹‘)Â® ,https://i.imgur.com/Bhmfeye.jpg
3108,@ä¼Š ,https://i.imgur.com/7A3bZu7.jpg
3114,@è¶™èŠ©è—œ ,https://i.imgur.com/akdvrv8.jpg
3115,@è¶™èŠ©è—œ ,https://i.imgur.com/akdvrv8.jpg
3116,@ç±³å¯èŠ¸ ,https://i.imgur.com/UbYAgKo.jpg
3117,@ç±³å¯èŠ¸ ,https://i.imgur.com/UbYAgKo.jpg
3119,@COCKROACH ,https://i.imgur.com/0YLQcyQ.jpg
3120,@COCKROACH ,https://i.imgur.com/0YLQcyQ.jpg
3123,æ‰è½,https://i.imgur.com/mSk2Jnu.jpg
3124,æ­¦å™¨,https://i.imgur.com/mSk2Jnu.jpg
3125,æ­¦å™¨æ‰è½,https://i.imgur.com/mSk2Jnu.jpg
3146,å¯Iã„‰7AZ(HEART),https://i.imgur.com/PPtFLBu.jpg
3147,"é­šé±¼é­šé­šé­šã„™ã„©ã„©é­šé­šé­šã„©ã„©é±¼é±¼ã„©ã„©é­šé­šã„©ã„©æ¼é­šé­šé­šï¼ï¼ï¼+*\>/@'!?,\\-",https://i.imgur.com/uW1UTad.jpg
3163,å°é•·,https://i.imgur.com/gQrkJAT.jpg
3164,å°é•·,https://i.imgur.com/gQrkJAT.jpg
3165,@ESTHERâœŸ ,https://i.imgur.com/WO7Vmyd.jpg
3171,@å‚‘å¤«â˜€ï¸å­æ›œ ,https://i.imgur.com/OkShTos.jpg
3184,@ãªã‹ã˜ã¾ä¸­å³¶ã—ã‚“ã„ã¡çœŸä¸€ã•ã‚“ ,https://i.imgur.com/rjfZ3yf.jpg
3188,@VE. ,https://i.imgur.com/apx559M.jpg
3189,@Â°å¾®âœšã‚â€¿âœªå¤œç©ºã®æ˜Ÿâ™ªâ„¢,https://i.imgur.com/ZxBc4eK.jpg
3194,@Â°å¾®âœšã‚â€¿âœªå¤œç©ºã®æ˜Ÿâ™ªâ„¢,https://i.imgur.com/9QDD4UQ.jpg
3201,èœ2,https://i.imgur.com/3lVVNLY.jpg
3202,èœ2,https://i.imgur.com/3lVVNLY.jpg
3203,èœ3,https://i.imgur.com/ttxNZp8.jpg
3205,èœ9,https://i.imgur.com/b0LD8yf.jpg
3208,èœ9,https://i.imgur.com/b0LD8yf.jpg
3209,èœ3,https://i.imgur.com/ttxNZp8.jpg
3213,çœŸçµå±€,"çœŸçµå±€è¦æ±‚:\n1. KUREHA,  ZELISKA,  ITSUKI,  BAZALT JOE,  ALFASYS å¥½æ„Ÿåº¦LV.4 75%+\n2. æ‰€æœ‰è§’è‰²é™¤ä»¥ä¸Šäº”ä½ä»¥å¤–å¥½æ„ŸLV.2+\n3. CGæº«æ³‰ã€CGæ³³è£ å…¥æ‰‹\n4. å®Œæˆæ‰€æœ‰æ”¯ç·šä»»å‹™(ç¶ è‰²æ³¡æ³¡)\n(åŸæ–‡: https://www.facebook.com/groups/sao.ftb/permalink/498582113869934/)"
3215,@ğŸ¥AMYBAOğŸ’• ,https://i.imgur.com/eLe3XDF.jpg
3218,@çº³å…¹ ,https://i.imgur.com/QCdyMsS.jpg
3219,@é„­æ™¯æ–‡ ,https://i.imgur.com/FQy7Cuw.jpg
3220,@TZU  LUNG ,https://i.imgur.com/ShM6Nyk.jpg
3221,@æ˜¥ç„ ,https://i.imgur.com/PytNMSE.jpg
3222,@å¡ç¨±à·†âƒ›Í™ ,https://i.imgur.com/Eoa9Gol.jpg
3223,@SUPREME DING ,https://i.imgur.com/zuaLGNs.jpg
3224,@å‚‘å¤«â˜€ï¸å­æ›œ ,https://i.imgur.com/A7OUhdF.jpg
3225,@é«˜æŒ¯ æ—é€šæµ· ,https://i.imgur.com/YVulkyq.jpg
3226,@å‚‘å‚‘ ,https://i.imgur.com/BUyiLCC.jpg
3227,@ãƒ†ã‚¤ãƒ«ã‚¹-å°šé›¨ ,https://i.imgur.com/YfxnVoT.jpg
3228,@Â°å¾®âœšã‚â€¿âœªå¤œç©ºã®æ˜Ÿâ™ªâ„¢ ,https://i.imgur.com/jIXDKy1.jpg
3229,@æº«æº« ,https://i.imgur.com/dRZ4sp2.jpg
3230,@é„­æ™¯æ–‡ ,https://i.imgur.com/FQy7Cuw.jpg
3231,@TZU  LUNG ,https://i.imgur.com/ShM6Nyk.jpg
3232,@çº³å…¹ ,https://i.imgur.com/QCdyMsS.jpg
3233,@Â°å¾®âœšã‚â€¿âœªå¤œç©ºã®æ˜Ÿâ™ªâ„¢ ,https://i.imgur.com/jIXDKy1.jpg
3234,@æ˜¥ç„ ,https://i.imgur.com/PytNMSE.jpg
3235,@ãƒ†ã‚¤ãƒ«ã‚¹-å°šé›¨ ,https://i.imgur.com/YfxnVoT.jpg
3236,@å¡ç¨±à·†âƒ›Í™ ,https://i.imgur.com/Eoa9Gol.jpg
3237,@å‚‘å‚‘ ,https://i.imgur.com/BUyiLCC.jpg
3238,@é«˜æŒ¯ æ—é€šæµ· ,https://i.imgur.com/YVulkyq.jpg
3239,@æº«æº« ,https://i.imgur.com/dRZ4sp2.jpg
3240,@SUPREME DING ,https://i.imgur.com/zuaLGNs.jpg
3241,@å‚‘å¤«â˜€ï¸å­æ›œ ,https://i.imgur.com/A7OUhdF.jpg
3242,@é˜¿èŒ¹ ,https://i.imgur.com/QAkEbJ2.jpg
3243,@é˜¿èŒ¹ ,https://i.imgur.com/QAkEbJ2.jpg
3244,å¥³ç‹,https://i.imgur.com/SDiXNZT.jpg
3245,å¥³ç‹,https://i.imgur.com/SDiXNZT.jpg
3256,æ­¦å™¨è¡¨,https://docs.google.com/spreadsheets/d/1Cl3JrBgY_aEN2l3iOSj8YHkoaLM5NQPtlJCWlXjXQfw/htmlview
3260,@éƒ­è‚²æ–‡ ,https://i.imgur.com/Wwy3He9.jpg
3261,@LOSğŸŒ¹ ,https://i.imgur.com/GkMbM7v.jpg
3262,@ğŸ§šğŸ»â€â™‚ï¸æ´¾æ´¾å¦®ğŸ§–ğŸ»â€â™€ï¸ ,https://i.imgur.com/hXReTjD.jpg
3263,@å¿ƒæ˜Ÿç›¸å°âœ¨é‡‘é­š ,https://i.imgur.com/mYwPETw.jpg
3264,@FRANKIE ,https://i.imgur.com/tYGnb9A.jpg
3265,@LIN LIN ,https://i.imgur.com/ZGbZoMo.jpg
3266,@MIKO â¤ï¸ ,https://i.imgur.com/2vMOInq.jpg
3267,@å®‰çªå…’ ,https://i.imgur.com/n8pakPw.jpg
3269,@â¤ï¸å°é›…â¤ï¸ ,https://i.imgur.com/lBMaqIy.jpg
3271,@ğŸ’•TIFFANYğŸ’•ğŸ˜˜ ,https://i.imgur.com/z1Nt2nL.jpg
3272,@JULIA KUMICKYğŸ€ ,https://i.imgur.com/ID2GgMa.jpg
3273,@âœ¿ç’‡ ì„ âœ¿ ,https://i.imgur.com/u0onuIQ.jpg
3274,@ğŸ§šğŸ»â€â™‚ï¸æ´¾æ´¾å¦®ğŸ§–ğŸ»â€â™€ï¸ ,https://i.imgur.com/hXReTjD.jpg
3275,@FRANKIE ,https://i.imgur.com/tYGnb9A.jpg
3276,@å¿ƒæ˜Ÿç›¸å°âœ¨é‡‘é­š ,https://i.imgur.com/mYwPETw.jpg
3277,@LOSğŸŒ¹ ,https://i.imgur.com/GkMbM7v.jpg
3278,@éƒ­è‚²æ–‡ ,https://i.imgur.com/Wwy3He9.jpg
3279,@LIN LIN ,https://i.imgur.com/ZGbZoMo.jpg
3280,@MIKO â¤ï¸ ,https://i.imgur.com/2vMOInq.jpg
3281,@å®‰çªå…’ ,https://i.imgur.com/n8pakPw.jpg
3282,@JESS ,https://i.imgur.com/NueJiSu.jpg
3283,@â¤ï¸å°é›…â¤ï¸ ,https://i.imgur.com/lBMaqIy.jpg
3284,@ğŸ’•TIFFANYğŸ’•ğŸ˜˜ ,https://i.imgur.com/z1Nt2nL.jpg
3285,@JULIA KUMICKYğŸ€ ,https://i.imgur.com/ID2GgMa.jpg
3286,@âœ¿ç’‡ ì„ âœ¿ ,https://i.imgur.com/u0onuIQ.jpg
3288,@è¦     å±• ,https://i.imgur.com/LyCJoHn.jpg
3289,@é¦™è‡è±¬ ,https://i.imgur.com/ZrrRqtM.jpg
3290,@æ—»è«º ,https://i.imgur.com/SH0fZcI.jpg
3291,@ROSS ,https://i.imgur.com/Ze4zyfr.jpg
3293,@éŸ‹ ,https://i.imgur.com/Cw0tcuQ.jpg
3294,@è•­ç…’éœ– ,https://i.imgur.com/NoiwZO8.jpg
3295,@å®¢è§€ä¸€å“¥ ,https://i.imgur.com/gjAcaUC.jpg
3296,@CLEAN ,https://i.imgur.com/b7VEXre.jpg
3297,@æ—»è«º ,https://i.imgur.com/SH0fZcI.jpg
3298,@ROSS ,https://i.imgur.com/Ze4zyfr.jpg
3299,@å®¢è§€ä¸€å“¥ ,https://i.imgur.com/gjAcaUC.jpg
3300,@è¦     å±• ,https://i.imgur.com/LyCJoHn.jpg
3301,@è•­ç…’éœ– ,https://i.imgur.com/NoiwZO8.jpg
3302,@éŸ‹ ,https://i.imgur.com/Cw0tcuQ.jpg
3303,@CLEAN ,https://i.imgur.com/b7VEXre.jpg
3304,@é¦™è‡è±¬ ,https://i.imgur.com/ZrrRqtM.jpg
3305,@RICO CHENğŸ‘£IN TAIPEI ,https://i.imgur.com/3jc4UzV.jpg
3306,@ğŸ’–ç‹èç‘„ğŸ±å¯¶è²å°å‰ğŸ’– ,https://i.imgur.com/IcqgEZr.jpg
3307,@ğŸ’–ç‹èç‘„ğŸ±å¯¶è²å°å‰ğŸ’– ,https://i.imgur.com/IcqgEZr.jpg
3312,@â›µè³œæˆ‘å¤¢å¢ƒâ›µ ,https://i.imgur.com/oExLzqY.jpg
3313,@å‚»å¯¶â™Œï¸ ,https://i.imgur.com/j0NVR66.jpg
3315,@KğŸ‘» ,https://i.imgur.com/oiyTXk6.jpg
3316,@å‚»å¯¶â™Œï¸ ,https://i.imgur.com/j0NVR66.jpg
3318,@KğŸ‘» ,https://i.imgur.com/oiyTXk6.jpg
3319,@â›µè³œæˆ‘å¤¢å¢ƒâ›µ ,https://i.imgur.com/oExLzqY.jpg
3320,@å¿ƒæ˜Ÿç›¸å°âœ¨é‡‘é­š,https://i.imgur.com/fek91T8.jpg
3326,@G_X_Y ,https://i.imgur.com/4MEPvAW.jpg
3327,@G_X_Y ,https://i.imgur.com/4MEPvAW.jpg
3329,@åˆå» ,https://i.imgur.com/4zzBcNX.jpg
3330,@åˆå» ,https://i.imgur.com/4zzBcNX.jpg
3331,@T-JIM.é»ƒé€ ,https://i.imgur.com/bOlv00c.jpg
3332,@T-JIM.é»ƒé€ ,https://i.imgur.com/bOlv00c.jpg
3337,æ­£,https://i.imgur.com/8RCi2Ux.jpg
3342,@OSCARLIN@TW ,https://i.imgur.com/Yzqj04h.jpg\nè‡ªèªç‚ºæ˜¯å¸¥æ°£åˆæš–å¿ƒçš„é›™é­šåº•è¿ª\né£›æ¯”æŒ‡å®šä»‹ç´¹ï¼Œç‚ºç«ç®­åº•è¿ªæ˜¯ä¹Ÿ\nçŒœå“¥è¡¨ç¤ºå¸¥æ°£åˆæš–å¿ƒé›™é­šè‰²åº•è¿ª 
3345,@STEVEN è•­-è€å…µ ,https://i.imgur.com/EZcK3xp.jpg
3353,@BRUCE ,https://i.imgur.com/C50ZLyw.jpg
3357,@SH ,https://i.imgur.com/6sZAhQy.jpg
3358,@NORMAN ,https://i.imgur.com/PQawwiN.jpg
3359,@OSCARLIN@TW ,https://i.imgur.com/Yzqj04h.jpg
3360,@ğŸ­  é»ƒå°å¦‚ ,https://i.imgur.com/0SlY7gp.jpg
3364,é–‹çœ‹çœ‹,https://ezgif.com/apng-to-gif
3366,@RICO CHENğŸ‘£IN TAIPEI ,https://i.imgur.com/9SVReqc.jpg
3368,@GLENCHANG ,https://i.imgur.com/R3a3CCo.jpg
3369,@é˜¿å‚‘ ,https://i.imgur.com/nL6rBqe.jpg
3370,@æ´ªæ˜é›„ ,https://i.imgur.com/smWtjsP.jpg
3371,@é˜¿å¦‚ ,https://i.imgur.com/RtBtDdd.jpg
3375,@é˜¿å‰ ,https://i.imgur.com/PJngG5U.jpg
3376,@å¼µé–‹æ™º å•¤é…’ ,https://i.imgur.com/zfRKuVt.jpg
3380,@JESS ,https://i.imgur.com/NueJiSu.jpg
3382,@ğŸ¥AMYBAOğŸ’• ,https://i.imgur.com/eLe3XDF.jpg
3383,@ğŸ’‹è©¹AMYBAOğŸ’‹ ,https://i.imgur.com/eLe3XDF.jpg
3384,@ğŸ’‹è©¹AMYBAOğŸ’‹ ,https://i.imgur.com/eLe3XDF.jpg
3386,@Jæ£®ğŸ˜˜ğŸ˜˜ ,https://i.imgur.com/gjAcaUC.jpg
3388,@éƒæ£»å…’ğŸ’‹ ,https://i.imgur.com/iVPnT3m.jpg
3389,@éƒæ£»å…’ğŸ’‹ ,https://i.imgur.com/iVPnT3m.jpg
3390,@å½¥è“‰ğŸ˜ANGELA WU ,https://i.imgur.com/lhsFP3t.jpg
3391,@å½¥è“‰ğŸ˜ANGELA WU ,https://i.imgur.com/lhsFP3t.jpg
3392,@æå“æ¯… ,https://i.imgur.com/B0NH6O0.jpg
3393,@æå“æ¯… ,https://i.imgur.com/B0NH6O0.jpg
3406,@Jæ£®ğŸ˜˜ğŸ˜˜ ,https://i.imgur.com/ij5K52z.jpg
3407,æ­¦å™¨æ‰è½,https://i.imgur.com/mSk2Jnu.jpg
3408,@ğŸ’‹è©¹AMYBAOğŸ’‹,https://i.imgur.com/eLe3XDF.jpg
3409,@éƒæ£»å…’ğŸ’‹,https://i.imgur.com/iVPnT3m.jpg
3410,@æå“æ¯…,https://i.imgur.com/B0NH6O0.jpg
3411,çª1,https://i.imgur.com/tDeADmF.jpg
3412,çª1,https://i.imgur.com/tDeADmF.jpg
3417,æŸ¯å—,http://pan.baidu.com/s/1o8bHfKY @9g0j
3418,@HEAD DESPERATE,https://i.imgur.com/2eaUq6F.jpg
3422,@HEAD DESPERATE ,https://i.imgur.com/2eaUq6F.jpg
3423,@HEAD DESPERATE ,https://i.imgur.com/2eaUq6F.jpg
3428,è…¦æ®˜,https://i.imgur.com/UXyTcVr.jpg
3429,é£›æ¯”å’¬æ‰‹æ‰‹,https://i.imgur.com/WYAuzkJ.jpg
3430,é£›æ¯”ç¶“å…¸ç…§,https://i.imgur.com/VizHbvw.jpg
3431,é£›æ¯”ç©ºç©º,https://i.imgur.com/TAXXjir.jpg
3435,åš‡åˆ°åƒæ‰‹æ‰‹,https://i.imgur.com/T64z0SE.jpg
3437,"@å¤§å¯Œ""å®¤å…§è¨­è¨ˆ""æœå‹™é …ç›®:è£æ½¢æ²¹æ¼†æ°´é›» ",https://i.imgur.com/ALptBHL.jpg
3444,ã€Œç²‰çµ²åœ˜æ­¡è¿ä½ ã€,https://i.imgur.com/BjKNpVb.jpg
3446,@å›åˆ°è§’è½çš„å°æ¶µ ,https://i.imgur.com/fUCf6Wi.jpg
3447,@å›åˆ°è§’è½çš„å°æ¶µ ,https://i.imgur.com/fUCf6Wi.jpg
3448,@å¾å°‰ ,https://i.imgur.com/ZQ76GO4.jpg
3449,@å›åˆ°è§’è½çš„å°æ¶µ,https://i.imgur.com/fUCf6Wi.jpg
3450,@MICHELLEæ™´ ,https://i.imgur.com/NLtGrKN.jpg
3451,@âœ¨å½¤âœ¨ ,https://i.imgur.com/VJD8qIb.jpg
3452,@âœ¨å½¤âœ¨ ,https://i.imgur.com/VJD8qIb.jpg
3453,@MICHELLEæ™´ ,https://i.imgur.com/NLtGrKN.jpg
3455,ECèª²ç¨‹è¡¨,(UNAVAILABLE)
3459,@HEAD DESPERATE ,https://i.imgur.com/mI4DzKQ.jpg
3460,@HEAD DESPERATE ,https://i.imgur.com/mI4DzKQ.jpg
3462,@ç‘©ç‘© ,https://i.imgur.com/HjLyzpB.jpg
3463,@MAXINE ,https://i.imgur.com/UTqnCh7.jpg
3465,Gèª²é‡‘å•é¡Œ,æ±‚åŠ©LINK https://support.google.com/googleplay/?hl=en#topic=3364260&contact=1
3470,@è‘‰å°å¹³ ,https://i.imgur.com/ECqUz7G.jpg
3471,@è‘‰å°å¹³ ,https://i.imgur.com/ECqUz7G.jpg
3475,@COCKROACH ,https://i.imgur.com/pVnc4NP.jpg
3476,@ä¼ˆå°é»‘(BK) ,https://i.imgur.com/UeXGIrc.jpg
3477,@TOICE ,https://i.imgur.com/DfQ5PlY.jpg
3483,@æ°´èŒèŒ ,https://i.imgur.com/ifZ0NCe.jpg
3539,@é£›æ¯”âœˆ ,https://i.imgur.com/OlnjLcs.jpg
3545,@YAN ,https://i.imgur.com/BZHInIr.jpg
3546,@YAN ,https://i.imgur.com/BZHInIr.jpg
3547,@YAN,https://i.imgur.com/BZHInIr.jpg
3575,å°å¹¸,https://i.imgur.com/IcZfFoU.jpg
3581,å‘¨å¹´,https://i.imgur.com/1ThLW62.jpg
3584,@ğŸ§šğŸ»â€â™‚ï¸å¦®å¦®ğŸ§–ğŸ»â€â™€ï¸ ,https://i.imgur.com/hXReTjD.jpg
3585,@ğŸ§šğŸ»â€â™‚ï¸å¦®å¦®ğŸ§–ğŸ»â€â™€ï¸ ,https://i.imgur.com/hXReTjD.jpg
3587,UW3,https://i.imgur.com/lYvecRo.jpg
3589,å‹æƒ…,https://i.imgur.com/BDtvDqU.jpg
3592,OS3,https://i.imgur.com/OsvMrLj.jpg
3598,æœˆå¤œ,https://i.imgur.com/3F0ylur.jpg
3599,OS1,https://i.imgur.com/xwGVx0A.jpg
3600,å•¦å•¦éšŠ,https://i.imgur.com/NTrHz1O.jpg
3605,UW1,https://i.imgur.com/KtYMqEY.jpg
3606,å¥³å…’ç¯€,https://i.imgur.com/WnrVEdT.jpg
3607,å¿è€…,https://i.imgur.com/PwLtCQX.jpg
3608,å¶åƒ,https://i.imgur.com/8Cld7SD.jpg
3609,æ°´æ‰‹æœ,https://i.imgur.com/5aIZuXT.jpg
3610,ç«¥è©±,https://i.imgur.com/Iwsthb5.jpg
3611,å¥³åƒ•,https://i.imgur.com/b6BimwC.jpg
3612,UW2,https://i.imgur.com/b2ckj0A.jpg
3614,æˆ²æ°´,https://i.imgur.com/rcmthWH.jpg
3615,æ˜Ÿåº§,https://i.imgur.com/jDpMiqz.jpg
3616,èŠ±å«,https://i.imgur.com/n84rUQS.jpg
3617,OS2,https://i.imgur.com/sqcfjN7.jpg
3618,@MISSPURE ,https://i.imgur.com/fGQMVGb.jpg
3619,@é›¨é›¨ ,https://i.imgur.com/n01tepy.jpg
3620,@é›¨é›¨ ,https://i.imgur.com/n01tepy.jpg
3623,@â˜…æ½®  æ½®ï¹’ã€å…­å…­ã€ ,https://i.imgur.com/YsyGu1A.jpg
3624,@â˜…æ½®  æ½®ï¹’ã€å…­å…­ã€ ,https://i.imgur.com/YsyGu1A.jpg
3627,@å¤œç©ºä¸­çš„é‡‘é­š,https://i.imgur.com/fek91T8.jpg
3628,@å¤œç©ºä¸­çš„é‡‘é­š ,https://i.imgur.com/mYwPETw.jpg
3629,@å¤œç©ºä¸­çš„é‡‘é­š ,https://i.imgur.com/mYwPETw.jpg
3630,@å¤œç©ºä¸­çš„é‡‘é­š,https://i.imgur.com/fek91T8.jpg
3633,è·æ¥­,https://i.imgur.com/c7yEmhI.jpg
3634,æ¢…é›¨,https://i.imgur.com/zWkLz8Z.jpg
3637,éœ¸é«”,https://i.imgur.com/cEk9pLV.jpg
3640,R7R82,https://truth.bahamut.com.tw/s01/201803/3bf2ef35dd128cef6ababe1fc14b2428.JPG
3641,R7R81,https://truth.bahamut.com.tw/s01/201803/6d88770b79bf3615fd7a1322aa3d3abd.JPG
3642,R7R83,https://truth.bahamut.com.tw/s01/201803/609c6d0e41569e3fce55b3eb85d70bb5.JPG
3643,R7R82,https://truth.bahamut.com.tw/s01/201803/3bf2ef35dd128cef6ababe1fc14b2428.JPG
3644,R7R81,https://truth.bahamut.com.tw/s01/201803/6d88770b79bf3615fd7a1322aa3d3abd.JPG
3645,R7R83,https://truth.bahamut.com.tw/s01/201803/609c6d0e41569e3fce55b3eb85d70bb5.JPG
3647,@è‘‰å°å¹³,https://i.imgur.com/KAvUzKG.jpg
3649,@HEAD DESPERATE,https://i.imgur.com/MtaIicE.jpg
3651,@HEAD DESPERATE,https://i.imgur.com/MtaIicE.jpg
3652,@è‘‰å°å¹³,https://i.imgur.com/KAvUzKG.jpg
3653,@COCKROACH,https://i.imgur.com/XTlW7N0.jpg
3654,@å¤©å¤©,https://i.imgur.com/5Ey5Yad.jpg
3655,@ç±³å¯èŠ¸,https://i.imgur.com/FxIxUci.jpg
3656,@COCKROACH,https://i.imgur.com/XTlW7N0.jpg
3660,@CLEAN,https://i.imgur.com/CwdSsyJ.jpg
3661,@â˜˜ï¸ã„“ã„¨ã„šã€ç¨˜â˜˜ï¸,https://i.imgur.com/Wq0hQkL.jpg
3662,@å‡å‡,https://i.imgur.com/DNMNx5W.jpg
3663,@å¤©å¤©,https://i.imgur.com/5Ey5Yad.jpg
3664,@ç±³å¯èŠ¸,https://i.imgur.com/FxIxUci.jpg
3665,@å‡å‡,https://i.imgur.com/DNMNx5W.jpg
3666,@CLEAN,https://i.imgur.com/CwdSsyJ.jpg
3667,@â˜˜ï¸ã„“ã„¨ã„šã€ç¨˜â˜˜ï¸,https://i.imgur.com/Wq0hQkL.jpg
3675,æµ·ç˜,https://i.imgur.com/eliy35s.jpg
3676,ä¸ƒå¤•,https://i.imgur.com/QNqGET1.jpg
3677,æµ´è¡£,https://i.imgur.com/JQRFC4P.jpg
3678,å¤è‰²,https://i.imgur.com/t8uhwct.jpg
3679,ç¥­å…¸,https://i.imgur.com/qsSjmwE.jpg
3680,æµ·ç›œ,https://i.imgur.com/u3Tl0P1.jpg
3681,@ESTHERâœŸ,https://i.imgur.com/7VmJGJp.jpg
3682,@ESTHERâœŸ,https://i.imgur.com/7VmJGJp.jpg
3683,è¡¨,https://i.imgur.com/TOGi8nz.jpg
3684,@â™¡å¤©å¤©â™¡,https://i.imgur.com/5Ey5Yad.jpg
3686,@â™¡å¤©å¤©â™¡ ,https://i.imgur.com/UQa0dvx.jpg
3687,@â™¡å¤©å¤©â™¡,https://i.imgur.com/5Ey5Yad.jpg
3688,@â™¡å¤©å¤©â™¡ ,https://i.imgur.com/UQa0dvx.jpg
3689,è¡¨ä¸‹è¼‰,ç¶²å€(ONEDRIVE): https://onedrive.live.com/download?cid=AFF98139D4BAC41F&resid=AFF98139D4BAC41F%2179056&authkey=AF30nJxfpeVLKDM&em=2
3692,æ—è›‹,https://i.imgur.com/Rrh5kQA.jpg
3693,è¡¨,https://i.imgur.com/C9aQ3Wk.jpg
3703,ç´ æåŠ å€,https://i.imgur.com/Ypj27Kh.jpg
3704,ç´ æåŠ å€,https://i.imgur.com/Ypj27Kh.jpg
3705,ç´ æåŠ å€,https://i.imgur.com/Ypj27Kh.jpg
3716,ç´ æåŠ å€,https://i.imgur.com/LQkP6XW.jpg
3718,R7R82,https://truth.bahamut.com.tw/s01/201803/3bf2ef35dd128cef6ababe1fc14b2428.JPG
3719,R7R81,https://truth.bahamut.com.tw/s01/201803/6d88770b79bf3615fd7a1322aa3d3abd.JPG
3720,R7R83,https://truth.bahamut.com.tw/s01/201803/609c6d0e41569e3fce55b3eb85d70bb5.JPG
3722,èç«‹FLAG,https://i.imgur.com/SYlyDwv.jpg
3723,å‹³FLAG,https://i.imgur.com/KTXFmQ0.jpg
3724,èå‘Šç™½,https://i.imgur.com/HL2gfDG.jpg
3788,é¦–æŠ½,https://i.imgur.com/aas1qzh.jpg\n
3786,é‹å‹•,https://i.imgur.com/s7slydv.jpg
3784,æ—è›‹,https://i.imgur.com/rrh5kqa.jpg
3775,@ç±³å¯è•“,https://i.imgur.com/fxixuci.jpg
3774,@ç±³å¯è•“,https://i.imgur.com/fxixuci.jpg
3773,@âœ¿ç’¿ ì„ âœ¿ ,https://i.imgur.com/u0onuiq.jpg
3772,@âœ¿ç’¿ ì„ âœ¿ ,https://i.imgur.com/u0onuiq.jpg
3770,å…ä»£ç†,https://www.game735.com/thread-314395-1-1.html
3767,é¦¬éˆ´è–¯ç²¾å½©é‡æ’­,https://i.imgur.com/nwlxap1.png
3764,ç©åˆ†,https://www.integral-calculator.com/
3754,bobç‹,https://i.imgur.com/ukekbny.jpg
3753,bobæ™‚é–“,https://i.imgur.com/kgy5gmm.jpg
3751,bobç‹,https://i.imgur.com/ukekbny.jpg
3750,bobæ™‚é–“,https://i.imgur.com/kgy5gmm.jpg
3748,bobç‹,https://i.imgur.com/ukekbny.jpg
3747,bobæ™‚é–“,https://i.imgur.com/kgy5gmm.jpg
3740,bobç‹,https://i.imgur.com/ukekbny.jpg
3739,bobæ™‚é–“,https://i.imgur.com/kgy5gmm.jpg
3734,ä¸‹è¼‰,android: https://play.google.com/store/apps/details?id=com.bandainamcoent.saoifww\nios: https://itunes.apple.com/tw/app/%e5%88%80%e5%8a%8d%e7%a5%9e%e5%9f%9f-%e9%97%9c%e9%8d%b5%e9%ac%a5%e5%a3%ab/id1347075404?mt=8\napk: https://apkpure.com/sword-art-online-integral-factor/com.bandainamcoent.saoifww
3730,mdç´ æ,https://i.imgur.com/ypj27kh.jpg
3729,mdåŠ å€,https://i.imgur.com/ypj27kh.jpg
3727,åƒæ°´æ¯,https://i.imgur.com/mjbygcw.jpg